Community_ID,Community,exit_number,osm_id,road_name,fclass,graph_node_x,graph_node_y,status
202,Ali Curung,1,776439236,,unclassified,248377.69,-2259112.63,NEW NODE
202,Ali Curung,2,320750392,,tertiary,249103.03,-2259007.52,NEW NODE
202,Ali Curung,3,422803474,,unclassified,248034.08,-2258959.05,NEW NODE
202,Ali Curung,4,226561078,,secondary,247610.57,-2258066.41,NEW NODE
202,Ali Curung,5,776436217,,track_grade3,249574.86,-2258386.85,NEW NODE
202,Ali Curung,6,776435809,,track_grade2,249587.35,-2258336.99,NEW NODE
202,Ali Curung,7,745856602,,unclassified,247777.95,-2257581.48,NEW NODE
202,Ali Curung,8,776429711,,unclassified,248006.2,-2257342.43,NEW NODE
202,Ali Curung,9,776429711,,unclassified,248218.28,-2257219.35,NEW NODE
202,Ali Curung,10,776436718,,unclassified,249341.49,-2257463.58,NEW NODE
202,Ali Curung,11,770259789,,unclassified,248668.74,-2257143.44,NEW NODE
203,Alpurrurulam,1,174644417,Sandover Highway,secondary,603668,-2268458.78,NEW NODE
203,Alpurrurulam,2,193262421,Awerr Awerr Road,unclassified,603099.71,-2268089.82,NEW NODE
203,Alpurrurulam,3,193262436,,residential,602918.03,-2267277.67,NEW NODE
203,Alpurrurulam,4,193262439,,track,604830.08,-2267133.41,NEW NODE
203,Alpurrurulam,5,193262439,,track,603551.26,-2268423.75,NEW NODE
203,Alpurrurulam,6,44153673,,residential,602919.85,-2267270.39,NEW NODE
203,Alpurrurulam,7,44153674,,track,603119.44,-2266855.77,NEW NODE
203,Alpurrurulam,8,193262428,Sandover Highway,secondary,604890.2,-2267385.01,NEW NODE
203,Alpurrurulam,9,193262435,,residential,604159.07,-2266522.48,NEW NODE
622,Amanbidji,1,547009820,,track_grade2,-255742.61,-1751897.82,NEW NODE
622,Amanbidji,2,99875516,,unclassified,-255444.73,-1749965.39,NEW NODE
9,Amoonguna,1,1246968057,,track,195732.66,-2566789.42,NEW NODE
9,Amoonguna,2,440537533,,track_grade2,195746.82,-2565003.85,NEW NODE
9,Amoonguna,3,440537533,,track_grade2,194320.9,-2565656.8,NEW NODE
9,Amoonguna,4,202869850,Whitegum Drive,tertiary,195209.89,-2564897.29,NEW NODE
10,Ampilatwatja,1,320796762,Aherrenge Road,unclassified,331625.23,-2333757.65,NEW NODE
10,Ampilatwatja,2,777913335,,service,331334.93,-2331832.37,NEW NODE
147,Arawerr,1,203344420,,track,291826.9,-2372673.73,NEW NODE
147,Arawerr,2,203344391,,unclassified,290645.73,-2371162.94,NEW NODE
147,Arawerr,3,440436020,,unclassified,291507.92,-2370747.59,NEW NODE
20,Areyonga,1,227775442,Leo Kalleske Drive,tertiary,26347.04,-2599270.28,NEW NODE
20,Areyonga,2,1547209441,Kurkunytjingi Road,track,28228.89,-2599032.2,NEW NODE
42,Atitjere,1,996622971,,track,298937.63,-2480114.56,NEW NODE
42,Atitjere,2,49026831,Mica Road,unclassified,298195.44,-2479385.14,NEW NODE
42,Atitjere,3,440596299,,unclassified,297442.07,-2481206.72,NEW NODE
458,Baniyala,1,62278261,Port Bradshaw Road,tertiary,464468,-1401605.78,NEW NODE
580,Barunga,1,441343435,,track_grade4,95163.68,-1540311.9,NEW NODE
580,Barunga,2,441343438,,track_grade4,95358.63,-1539900.85,NEW NODE
580,Barunga,3,370569896,Central Arnhem Highway,trunk,93450.12,-1539328.87,NEW NODE
580,Barunga,4,370583487,Central Arnhem Highway,trunk,94888.48,-1538828.3,NEW NODE
294,Belyuen,1,29199417,Cox Peninsula Road,secondary,-144646.01,-1324003.93,NEW NODE
294,Belyuen,2,441921716,,track_grade3,-143927.93,-1324486.84,NEW NODE
294,Belyuen,3,441921721,,track_grade4,-144195.14,-1324409.07,NEW NODE
294,Belyuen,4,441921735,,track_grade5,-143384.06,-1324413.84,NEW NODE
294,Belyuen,5,441921713,,track_grade2,-144557.11,-1324133.28,NEW NODE
294,Belyuen,6,441921707,,track_grade3,-142937.36,-1322969.06,NEW NODE
294,Belyuen,7,371477365,,track_grade4,-144654.79,-1323007.49,NEW NODE
294,Belyuen,8,441921708,,track_grade3,-143115.31,-1322756.97,NEW NODE
294,Belyuen,9,29199458,Cox Peninsula Road,secondary,-143289.04,-1322630.92,NEW NODE
582,Binjari,1,327065304,,unclassified,20213.13,-1543184.15,NEW NODE
582,Binjari,2,327065304,,unclassified,19238.19,-1541442.07,NEW NODE
464,Birany Birany,1,441160861,,track_grade4,492961.88,-1361532.38,NEW NODE
586,Bulla,1,331579438,,track_grade3,-212404.18,-1677366.33,NEW NODE
586,Bulla,2,475357697,,track,-210418.95,-1677233.26,NEW NODE
586,Bulla,3,173590130,Janyima Road,unclassified,-212285.4,-1676713.99,NEW NODE
586,Bulla,4,253919737,,service,-212256.87,-1676666.39,NEW NODE
586,Bulla,5,253919737,,service,-212245.92,-1676649.18,NEW NODE
586,Bulla,6,331584995,,track_grade4,-210926.37,-1676339.29,NEW NODE
587,Bulman,1,440865218,Central Arnhem Highway,trunk,255007.21,-1447250.06,NEW NODE
587,Bulman,2,442894491,,unclassified,256484.67,-1448582.93,NEW NODE
587,Bulman,3,440865227,,track_grade3,256549.51,-1448516.83,NEW NODE
587,Bulman,4,440865226,,track_grade3,256551.69,-1448514.42,NEW NODE
587,Bulman,5,440865225,Old Runway,track,256590.59,-1448468.47,NEW NODE
587,Bulman,6,914602884,Central Arnhem Highway,trunk,256797.96,-1447965.04,NEW NODE
219,Canteen Creek,1,320734782,,service,370568.5,-2221205.76,NEW NODE
219,Canteen Creek,2,712538330,,track,372253.93,-2220383.05,NEW NODE
219,Canteen Creek,3,311344346,Canteen Creek Road,unclassified,370569.95,-2220994.65,NEW NODE
591,Daguragu,1,395935213,,track,-126936.26,-1855525.01,NEW NODE
591,Daguragu,2,444577914,,unclassified,-127767.38,-1857303.57,NEW NODE
591,Daguragu,3,770376732,,unclassified,-126185.4,-1856468.87,NEW NODE
473,Dhalinybuy,1,475277591,,track_grade3,485988.31,-1318343.05,NEW NODE
473,Dhalinybuy,2,475277594,,track_grade3,486369.37,-1316706.33,NEW NODE
473,Dhalinybuy,3,444830833,Dhalinybuy Road,unclassified,486638.42,-1317243.21,NEW NODE
33,Engawala,1,1389719837,,unclassified,249563.41,-2458040.52,NEW NODE
33,Engawala,2,1389719838,Pastoral Road,unclassified,249299.99,-2459908.75,NEW NODE
33,Engawala,3,446798746,Cemetery Drive,track_grade2,249734.37,-2460019.88,NEW NODE
33,Engawala,4,1389719835,Engawala Access,unclassified,250594.16,-2459571.02,NEW NODE
36,Finke,1,476916728,,track_grade3,255579.47,-2769408.05,NEW NODE
36,Finke,2,1201085700,Old Ghan Heritage Trail,track,255633.57,-2769386.07,NEW NODE
36,Finke,3,222316945,,track,255245.86,-2769649.28,NEW NODE
36,Finke,4,93976612,Finke Road,tertiary,255618.77,-2771250.98,NEW NODE
36,Finke,5,1201022886,,service,256302.75,-2771268.25,NEW NODE
36,Finke,6,354811812,,tertiary,256142.77,-2771307.48,NEW NODE
498,Gan Gan,1,447666816,,track_grade5,433899.08,-1385573.14,NEW NODE
498,Gan Gan,2,447666813,,track_grade4,434471.91,-1383696.33,NEW NODE
498,Gan Gan,3,174685400,,unclassified,434956.38,-1383882.42,NEW NODE
500,Gapuwiyak,1,207544306,Gapuwiyak Road,tertiary,421632.6,-1325938.92,NEW NODE
500,Gapuwiyak,2,1220373073,,track,421513.49,-1326030.26,NEW NODE
500,Gapuwiyak,3,776466755,Rubbish Dump,service,421967.18,-1325243.89,NEW NODE
500,Gapuwiyak,4,1220373109,,track,421630.61,-1324442.68,NEW NODE
500,Gapuwiyak,5,1220373107,,track,421457.02,-1324319.29,NEW NODE
500,Gapuwiyak,6,1335603143,Barge Landing Road,tertiary,420233.41,-1324516.84,NEW NODE
319,Gochan Jiny Jirra,1,213565376,,track,271512.85,-1288293.1,NEW NODE
319,Gochan Jiny Jirra,2,213565347,,track,273150.92,-1287776.45,NEW NODE
319,Gochan Jiny Jirra,3,213565365,,track,271834.54,-1287763.09,NEW NODE
329,Gunbalanya,1,198378953,Jabiru Oenpelli Road,tertiary,116038.56,-1300259.43,NEW NODE
329,Gunbalanya,2,241565361,,tertiary,116762,-1300905.33,NEW NODE
329,Gunbalanya,3,241565372,,unclassified,116275.24,-1300638.36,NEW NODE
329,Gunbalanya,4,1396715418,,unclassified,116008,-1300153.88,NEW NODE
329,Gunbalanya,5,1396715417,,unclassified,115994.68,-1300083.43,NEW NODE
514,Gunyangara,1,1220020076,,track,521285.29,-1298207.98,NEW NODE
514,Gunyangara,2,446277111,Dhabuynga Road,living_street,520881.87,-1297947.24,NEW NODE
514,Gunyangara,3,446277097,,track_grade1,521993.81,-1296340,NEW NODE
514,Gunyangara,4,253529575,Drimmie Head Road,tertiary,521960.29,-1296327.88,NEW NODE
514,Gunyangara,5,253529575,Drimmie Head Road,tertiary,521139.47,-1298145.68,NEW NODE
514,Gunyangara,6,1220020058,,track,521076.98,-1296418.41,NEW NODE
517,Gurrumuru,1,62278260,,unclassified,468410.55,-1337078.73,NEW NODE
517,Gurrumuru,2,447980463,,track,467150.22,-1335533.71,NEW NODE
517,Gurrumuru,3,447980467,,track_grade5,468617.37,-1335881.62,NEW NODE
517,Gurrumuru,4,447980466,,track_grade5,468652.87,-1335956.67,NEW NODE
41,Haasts Bluff,1,143126469,,unclassified,-12591.78,-2529537.04,NEW NODE
41,Haasts Bluff,2,215310464,,unclassified,-12685.77,-2529460.26,NEW NODE
41,Haasts Bluff,3,456153323,,service,-11903.14,-2529720.31,NEW NODE
41,Haasts Bluff,4,777721201,,service,-12243.42,-2529696.98,NEW NODE
41,Haasts Bluff,5,215310440,,track,-12852.96,-2529259.92,NEW NODE
41,Haasts Bluff,6,806407609,,tertiary,-11011.63,-2528792.19,NEW NODE
41,Haasts Bluff,7,143126485,,track,-11164.1,-2528192.03,NEW NODE
43,Hermannsburg,1,93638831,Finke Four Wheel Drive Route,unclassified,79358,-2584773.37,NEW NODE
43,Hermannsburg,2,1223940725,,unclassified,78962.5,-2585241.18,NEW NODE
43,Hermannsburg,3,227896715,Larapinta Drive,primary,78196.27,-2585364.55,NEW NODE
43,Hermannsburg,4,227896707,Larapinta Drive,primary,79421.49,-2584251.83,NEW NODE
43,Hermannsburg,5,1223940779,,track,77476.37,-2584102.68,NEW NODE
43,Hermannsburg,6,467409355,,service,77729.41,-2583683.76,NEW NODE
43,Hermannsburg,7,467409355,,service,77664.44,-2583754.73,NEW NODE
43,Hermannsburg,8,777680340,,track_grade2,79208.96,-2583763.9,NEW NODE
43,Hermannsburg,9,1223940709,,track,78512.53,-2583398.07,NEW NODE
43,Hermannsburg,10,1223940706,,track,78028.28,-2583480.65,NEW NODE
43,Hermannsburg,11,1223940753,,track,78010.99,-2583488.83,NEW NODE
43,Hermannsburg,12,93783958,,track,77484.28,-2584080.58,NEW NODE
600,Hodgson River Station,1,448299769,,track_grade3,226277.16,-1655561.12,NEW NODE
600,Hodgson River Station,2,224736956,Hodgson River Road,unclassified,225890.26,-1655650.76,NEW NODE
600,Hodgson River Station,3,224736956,Hodgson River Road,unclassified,225871.19,-1657459.79,NEW NODE
250,Imangara,1,320800560,,residential,276816.94,-2264860.85,NEW NODE
250,Imangara,2,320800559,,residential,276368.81,-2264752.78,NEW NODE
250,Imangara,3,422803467,,track,277747.03,-2264232.9,NEW NODE
250,Imangara,4,422803467,,track,277010.87,-2262879.66,NEW NODE
250,Imangara,5,422803467,,track,276858.06,-2262862.87,NEW NODE
250,Imangara,6,422803468,,unclassified,275975.16,-2263326.54,NEW NODE
51,Imanpa,1,208044803,Imanpa Road,unclassified,56998.51,-2718305.45,NEW NODE
51,Imanpa,2,208044501,,track_grade3,56794.03,-2718321.4,NEW NODE
51,Imanpa,3,474805901,,track_grade4,57698.21,-2716848.95,NEW NODE
51,Imanpa,4,1367268133,Gully Road,track_grade3,56635.04,-2716339.92,NEW NODE
51,Imanpa,5,745928307,Waterhole Road,track,56879.03,-2716325.58,NEW NODE
51,Imanpa,6,1367268135,Gully Road,track_grade3,56430.4,-2716400.82,NEW NODE
51,Imanpa,7,1367268130,Waterhole Road,track,56875.52,-2716325.41,NEW NODE
51,Imanpa,8,208044818,Bore Access,track_grade3,56403.66,-2716413.47,NEW NODE
63,Irrultja,1,458467572,,track_grade5,318500.13,-2369593.96,NEW NODE
63,Irrultja,2,446453437,Binns Track,unclassified,318930.62,-2367642.91,NEW NODE
63,Irrultja,3,776436286,,track_grade3,319653.92,-2368879.41,NEW NODE
63,Irrultja,4,322007963,,unclassified,318580.81,-2367619.2,NEW NODE
593,Jilkminggan,1,1545407520,,tertiary,141693.78,-1587944.46,NEW NODE
593,Jilkminggan,2,769940403,,unclassified,141714.96,-1587928.75,NEW NODE
593,Jilkminggan,3,422688295,,unclassified,140093.88,-1587081.31,NEW NODE
593,Jilkminggan,4,422688289,,track_grade3,140357.18,-1586470.22,NEW NODE
603,Kalkarindji,1,769267652,,unclassified,-124953.08,-1862269.23,NEW NODE
603,Kalkarindji,2,769267652,,unclassified,-125238.62,-1861499.16,NEW NODE
603,Kalkarindji,3,769267652,,unclassified,-125144.33,-1861138.48,NEW NODE
603,Kalkarindji,4,29132372,,unclassified,-124710.58,-1860683.35,NEW NODE
603,Kalkarindji,5,769278587,,unclassified,-123338.12,-1861141.46,NEW NODE
603,Kalkarindji,6,188724855,Buntine Highway,primary,-123253.78,-1861712.01,NEW NODE
603,Kalkarindji,7,732316155,Buntine Highway,primary,-124690.16,-1862459.45,NEW NODE
66,Kaltukatjara,1,187125785,,track_grade2,-290791.43,-2692155.59,NEW NODE
66,Kaltukatjara,2,187125450,,track,-292598.37,-2692600.65,NEW NODE
66,Kaltukatjara,3,359222813,,track,-291723.95,-2693022.17,NEW NODE
66,Kaltukatjara,4,359222826,,track,-291063.98,-2692720.31,NEW NODE
66,Kaltukatjara,5,359222808,,track,-292329.74,-2692861.04,NEW NODE
66,Kaltukatjara,6,359222838,,track,-292594.38,-2692606.03,NEW NODE
66,Kaltukatjara,7,778212153,,track,-290786.8,-2692124.33,NEW NODE
66,Kaltukatjara,8,40613649,,residential,-290974.4,-2691436.97,NEW NODE
66,Kaltukatjara,9,187125465,,track,-290824.12,-2691737.6,NEW NODE
66,Kaltukatjara,10,359222806,,track,-290853.06,-2691655.86,NEW NODE
66,Kaltukatjara,11,740132682,,residential,-292691.08,-2691611.48,NEW NODE
66,Kaltukatjara,12,187125462,,residential,-290931.38,-2691501.03,NEW NODE
66,Kaltukatjara,13,186986103,Docker River Community Access Road,residential,-291898.7,-2691032.62,NEW NODE
66,Kaltukatjara,14,778212352,,track,-291243.84,-2691182.97,NEW NODE
66,Kaltukatjara,15,399509194,,track,-292595.02,-2691444.85,NEW NODE
72,Kintore,1,399723293,,track,-264164.98,-2513112.39,NEW NODE
72,Kintore,2,189340138,,residential,-264152.03,-2513104.62,NEW NODE
72,Kintore,3,185819811,Ngutjul Road,unclassified,-263992.48,-2512983.73,NEW NODE
72,Kintore,4,189336567,,residential,-264824.93,-2511265.07,NEW NODE
72,Kintore,5,189336566,Tjunarriti Road,unclassified,-265499.39,-2511690.26,NEW NODE
72,Kintore,6,185819813,Kintore Road,tertiary,-264349.86,-2511306.89,NEW NODE
608,Kybrook Farm,1,29251852,Umbrawarra Road,unclassified,-20401.1,-1467547.24,NEW NODE
608,Kybrook Farm,2,29251852,Umbrawarra Road,unclassified,-19624.94,-1466148.98,NEW NODE
608,Kybrook Farm,3,591367295,Kybrook Farm Access Road,unclassified,-18715.23,-1466505.91,NEW NODE
609,Lajamanu,1,188702780,Lajamanu-Warrego Road,unclassified,-143018.36,-1960753.33,NEW NODE
609,Lajamanu,2,777980384,,unclassified,-144649.13,-1959602.06,NEW NODE
609,Lajamanu,3,188702781,,unclassified,-144696.6,-1959684.47,NEW NODE
609,Lajamanu,4,188702788,,residential,-143769.8,-1959142.54,NEW NODE
609,Lajamanu,5,49047815,Lajamanu Road,tertiary,-144805.35,-1960096.96,NEW NODE
609,Lajamanu,6,49047815,Lajamanu Road,tertiary,-144211.82,-1959227.04,NEW NODE
86,Laramba,1,1388496423,Tillmouth Well-Napperby,track,76100.13,-2426904.61,NEW NODE
86,Laramba,2,1388496424,Rubbish Dump Access,track,77330.18,-2427687.98,NEW NODE
86,Laramba,3,745748293,Laramba Road,unclassified,78043.97,-2426992.69,NEW NODE
86,Laramba,4,1388496427,,unclassified,78058.62,-2426934.19,NEW NODE
86,Laramba,5,99019376,Napperby,track,77250.84,-2425735.6,NEW NODE
86,Laramba,6,776156039,Napperby,unclassified,76463.62,-2425935.87,NEW NODE
86,Laramba,7,776155364,Napperby,service,77635.87,-2425887.55,NEW NODE
721,Likkaparta,1,451050843,,unclassified,265749.1,-2074761.81,NEW NODE
721,Likkaparta,2,143376179,,track_grade5,265820.06,-2072765.3,NEW NODE
362,Maningrida,1,213563144,,track,246150.36,-1272668.68,NEW NODE
362,Maningrida,2,213563069,,track,247833.72,-1271892.92,NEW NODE
362,Maningrida,3,213563069,,track,247835.76,-1271950.1,NEW NODE
362,Maningrida,4,213563069,,track,247836.14,-1271942.17,NEW NODE
362,Maningrida,5,213563087,,track,246015.24,-1272512.06,NEW NODE
362,Maningrida,6,449880188,,residential,247718.84,-1272412.01,NEW NODE
362,Maningrida,7,213563109,,residential,247657.05,-1272512.05,NEW NODE
362,Maningrida,8,213563066,,residential,245941.12,-1272385.93,NEW NODE
362,Maningrida,9,213563063,,residential,247700.27,-1272443.33,NEW NODE
362,Maningrida,10,1266055744,,residential,247834.79,-1271969.86,NEW NODE
362,Maningrida,11,1266055750,,track,247835.42,-1271927.51,NEW NODE
362,Maningrida,12,1274749461,,track,247823.37,-1271790.56,NEW NODE
362,Maningrida,13,1266055751,,track,247233.31,-1271025.21,NEW NODE
362,Maningrida,14,1266055751,,track,247267.13,-1271041.21,NEW NODE
362,Maningrida,15,1266055748,,track,247313.14,-1271063.68,NEW NODE
362,Maningrida,16,213563106,,track,247278.11,-1271046.4,NEW NODE
363,Manmoyi,1,355352500,,unclassified,234080.71,-1325592.55,NEW NODE
363,Manmoyi,2,355352500,,unclassified,232476.89,-1325407.82,NEW NODE
595,Manyallaluk,1,478476929,,track,91324.38,-1511731.5,NEW NODE
595,Manyallaluk,2,203879214,,unclassified,90719.98,-1512443.14,NEW NODE
595,Manyallaluk,3,449638359,,track,90371.44,-1510516.21,NEW NODE
595,Manyallaluk,4,475485701,,track,91330.56,-1511704.51,NEW NODE
524,Mapuru,1,453738208,,track_grade3,381962.37,-1297140.71,NEW NODE
524,Mapuru,2,447694295,,unclassified,381952.35,-1296586.44,NEW NODE
524,Mapuru,3,453709251,,track_grade4,380623.25,-1295955.45,NEW NODE
252,Marlinja,1,94231357,,track,149332.92,-1854459.5,NEW NODE
252,Marlinja,2,94231357,,track,149921.43,-1854280.66,NEW NODE
252,Marlinja,3,33723700,,unclassified,150143.86,-1854067.69,NEW NODE
252,Marlinja,4,33723700,,unclassified,150117.44,-1854101.77,NEW NODE
252,Marlinja,5,33723700,,unclassified,149977.29,-1854239.22,NEW NODE
252,Marlinja,6,453730269,Newcastle Waters Road,unclassified,150334.67,-1853634.43,NEW NODE
252,Marlinja,7,777690116,,unclassified,148803.82,-1852623.74,NEW NODE
624,Minyerri,1,224736956,Hodgson River Road,unclassified,225547.09,-1616735.01,NEW NODE
624,Minyerri,2,224736956,Hodgson River Road,unclassified,224596.44,-1618186.06,NEW NODE
624,Minyerri,3,327344852,,service,224491.56,-1617831.15,NEW NODE
112,Mount Liebig,1,399080181,,track,-74147.47,-2509510.93,NEW NODE
112,Mount Liebig,2,143122348,,track,-73936.9,-2509605.89,NEW NODE
112,Mount Liebig,3,769662021,,unclassified,-72944.17,-2509372.24,NEW NODE
112,Mount Liebig,4,143120750,,unclassified,-74619.17,-2508465.51,NEW NODE
112,Mount Liebig,5,189326475,,unclassified,-73194.58,-2507756.79,NEW NODE
112,Mount Liebig,6,189327444,,unclassified,-74607.1,-2508413.94,NEW NODE
112,Mount Liebig,7,189326465,Wattyawanu Road,unclassified,-73216.96,-2507746.2,NEW NODE
112,Mount Liebig,8,143122358,,track,-72861.85,-2508021.04,NEW NODE
112,Mount Liebig,9,215311922,,track,-74287.38,-2509411,NEW NODE
244,Mungkarta,1,770268090,,track_grade3,227751.35,-2184357.9,NEW NODE
244,Mungkarta,2,226561044,,residential,229237.18,-2183098.73,NEW NODE
120,Mutitjulu,1,777678482,,unclassified,-92491.49,-2743324.23,NEW NODE
120,Mutitjulu,2,32641778,,track,-93193.49,-2743330.24,NEW NODE
120,Mutitjulu,3,32641724,,track,-93596.15,-2743057.04,NEW NODE
120,Mutitjulu,4,32641695,,track,-93531.25,-2743123.37,NEW NODE
120,Mutitjulu,5,205190634,,track,-93824.4,-2742616.18,NEW NODE
120,Mutitjulu,6,32641828,,track,-91965.01,-2741928.99,NEW NODE
120,Mutitjulu,7,32640323,,unclassified,-92181.44,-2741650.78,NEW NODE
120,Mutitjulu,8,32641521,,unclassified,-93370.31,-2741538.88,NEW NODE
120,Mutitjulu,9,32640345,,track,-92343.24,-2741531.83,NEW NODE
397,Nauiyu,1,400814175,Twin Peaks Road,unclassified,-144294.99,-1456317.07,NEW NODE
397,Nauiyu,2,777685739,,track,-142691.45,-1455866.99,NEW NODE
397,Nauiyu,3,30128628,Nauiyu Road,unclassified,-142671.01,-1455792.38,NEW NODE
397,Nauiyu,4,175961401,Mango Farm Road,unclassified,-144136.34,-1454691.9,NEW NODE
397,Nauiyu,5,777674845,,unclassified,-144539.21,-1455120.16,NEW NODE
397,Nauiyu,6,777675655,,track,-142967.87,-1454823.92,NEW NODE
397,Nauiyu,7,98871796,Twin Peaks Road,unclassified,-144522.77,-1456034.67,NEW NODE
542,Ngangalala,1,447678284,,unclassified,330550.92,-1300276.43,NEW NODE
542,Ngangalala,2,776250757,,track_grade3,331080.01,-1299643.97,NEW NODE
404,Nganmarriyanga,1,777663982,,service,-230754.54,-1523242.79,NEW NODE
404,Nganmarriyanga,2,777663981,,service,-230620.31,-1523138.76,NEW NODE
404,Nganmarriyanga,3,323254511,Palumpa Access Road,unclassified,-230600.89,-1523121.17,NEW NODE
404,Nganmarriyanga,4,320164572,Airstrip Road,unclassified,-232244.18,-1522090.43,NEW NODE
404,Nganmarriyanga,5,777673205,,track_grade3,-232157.8,-1521899.03,NEW NODE
404,Nganmarriyanga,6,777646912,,track_grade2,-230936.9,-1521469.53,NEW NODE
404,Nganmarriyanga,7,777646907,,track_grade3,-231300.56,-1521402.5,NEW NODE
404,Nganmarriyanga,8,777673202,,track_grade3,-231903.28,-1521609.89,NEW NODE
404,Nganmarriyanga,9,467427001,Port Keats Road,secondary,-232201.64,-1522821.22,NEW NODE
404,Nganmarriyanga,10,467427001,Port Keats Road,secondary,-230855.87,-1523299.43,NEW NODE
633,Ngukurr,1,445293778,,track,296187,-1565892.64,NEW NODE
633,Ngukurr,2,295004955,,track,297991.36,-1565570.09,NEW NODE
633,Ngukurr,3,295004950,,unclassified,297973.3,-1565638.3,NEW NODE
633,Ngukurr,4,295004950,,unclassified,297982.31,-1565071.71,NEW NODE
633,Ngukurr,5,445293775,,track,296093.75,-1564961.79,NEW NODE
633,Ngukurr,6,914040365,,primary,297500.01,-1564462.44,NEW NODE
633,Ngukurr,7,445293771,,track,297269.86,-1564371.99,NEW NODE
633,Ngukurr,8,29221574,Nulawan Access Road,unclassified,297577.03,-1566169.05,NEW NODE
639,Nitjpurru,1,778188675,,track_grade2,-83079.79,-1792358.92,NEW NODE
639,Nitjpurru,2,368610503,,residential,-83470.84,-1790406.77,NEW NODE
639,Nitjpurru,3,778186578,,track_grade3,-84238.99,-1791886.99,NEW NODE
127,Nturiya,1,456568749,,track,128812.37,-2382194.09,NEW NODE
127,Nturiya,2,321690643,,unclassified,128623.64,-2380876.45,NEW NODE
127,Nturiya,3,215104253,Nturiya Road,unclassified,130163.37,-2382137.08,NEW NODE
549,Numbulwar,1,301175590,,unclassified,407107.6,-1518356.98,NEW NODE
549,Numbulwar,2,456580828,,unclassified,407326.57,-1517923.11,NEW NODE
549,Numbulwar,3,301175594,,unclassified,408439.65,-1517643.73,NEW NODE
549,Numbulwar,4,948034278,Numbulwar Road,primary,407149.11,-1518933.51,NEW NODE
128,Nyirripi,1,94066175,,unclassified,-146363.92,-2440532.66,NEW NODE
128,Nyirripi,2,590569084,,unclassified,-147442.33,-2441455.51,NEW NODE
128,Nyirripi,3,399077089,,track,-147402.62,-2441457.46,NEW NODE
128,Nyirripi,4,909227666,,unclassified,-147334.36,-2441458.27,NEW NODE
128,Nyirripi,5,399077092,,track,-148185.26,-2441023.93,NEW NODE
128,Nyirripi,6,591037306,,track,-148323.45,-2440725.16,NEW NODE
128,Nyirripi,7,94069939,,unclassified,-148325.64,-2440202.68,NEW NODE
128,Nyirripi,8,399077117,,track,-146471.14,-2440003.52,NEW NODE
128,Nyirripi,9,103324072,,unclassified,-146461.06,-2440024.82,NEW NODE
128,Nyirripi,10,590569046,,unclassified,-148124.91,-2439815.84,NEW NODE
128,Nyirripi,11,399077101,,track,-146599.03,-2439812.23,NEW NODE
128,Nyirripi,12,399077104,,track,-147363.15,-2439459.68,NEW NODE
128,Nyirripi,13,591037333,,track,-146915.99,-2439564.82,NEW NODE
128,Nyirripi,14,94092108,Emu Bore Road,unclassified,-148323.43,-2440193.86,NEW NODE
26,Orrtipa-Thurra,1,193289870,Bonya Road,unclassified,423971.53,-2462526.31,NEW NODE
26,Orrtipa-Thurra,2,193289902,,residential,423035.22,-2461802.18,NEW NODE
26,Orrtipa-Thurra,3,193289902,,residential,422998.04,-2461567.68,NEW NODE
26,Orrtipa-Thurra,4,193289902,,residential,423612.57,-2462451.01,NEW NODE
26,Orrtipa-Thurra,5,193289905,,track,423569.77,-2460624.27,NEW NODE
131,Papunya,1,189318493,Gary Junction Road,tertiary,-9996.75,-2501233.43,NEW NODE
131,Papunya,2,143126491,,unclassified,-8437.71,-2502218.8,NEW NODE
131,Papunya,3,189318540,,track,-8729.82,-2502360.14,NEW NODE
131,Papunya,4,189318540,,track,-9104.45,-2502396.6,NEW NODE
131,Papunya,5,189318547,,track,-9761.36,-2502061.53,NEW NODE
131,Papunya,6,189318556,,track,-9517.71,-2502262.44,NEW NODE
131,Papunya,7,189318549,,track,-8020.11,-2501521.99,NEW NODE
131,Papunya,8,143126493,,unclassified,-9310.24,-2502355.2,NEW NODE
131,Papunya,9,777916311,,track_grade3,-8668.44,-2502339.06,NEW NODE
131,Papunya,10,189318492,Gary Junction Road,tertiary,-8389.76,-2502183.24,NEW NODE
131,Papunya,11,189318505,Warumpi Road,unclassified,-8019.37,-2501285.26,NEW NODE
131,Papunya,12,1382226626,,track,-8601.13,-2500490.55,NEW NODE
131,Papunya,13,143120730,Mount Wedge Road,unclassified,-8268.7,-2500733.86,NEW NODE
131,Papunya,14,189318553,,track,-8074.11,-2501744.94,NEW NODE
131,Papunya,15,777916668,,track_grade3,-9877.1,-2501900.44,NEW NODE
131,Papunya,16,189318558,,track,-8112.6,-2501835.79,NEW NODE
131,Papunya,17,777917158,,track_grade2,-10010.94,-2501381.47,NEW NODE
131,Papunya,18,376676244,,service,-8104.98,-2500982.6,NEW NODE
131,Papunya,19,1382226630,,track,-8876.63,-2500411.48,NEW NODE
410,Peppimenarti,1,320163319,Peppimenarti Road,tertiary,-209200.63,-1500526.62,NEW NODE
410,Peppimenarti,2,776690515,,service,-209433.3,-1500837.08,NEW NODE
410,Peppimenarti,3,320163324,,unclassified,-209170.09,-1500457.27,NEW NODE
410,Peppimenarti,4,777646785,,service,-209205.75,-1499651.09,NEW NODE
410,Peppimenarti,5,320163330,,unclassified,-209252.53,-1499567.08,NEW NODE
410,Peppimenarti,6,777648916,,track_grade4,-209881.87,-1499119.51,NEW NODE
138,Pmara Jutunta,1,776256877,,track_grade2,145481.27,-2390493.64,NEW NODE
138,Pmara Jutunta,2,776255148,,service,145562.83,-2390398.26,NEW NODE
138,Pmara Jutunta,3,776259373,,track_grade2,145977.11,-2390144.64,NEW NODE
138,Pmara Jutunta,4,485428762,Stuart Highway,trunk,145861.22,-2392007.01,NEW NODE
138,Pmara Jutunta,5,485428762,Stuart Highway,trunk,146031.78,-2390130,NEW NODE
138,Pmara Jutunta,6,226561241,,unclassified,146539.6,-2392062.1,NEW NODE
138,Pmara Jutunta,7,776256878,,track_grade2,145476.85,-2390499.6,NEW NODE
138,Pmara Jutunta,8,776252049,,track_grade2,146740.97,-2390213.35,NEW NODE
550,Ramingining,1,776237545,Lewangu Drive,tertiary,323708.05,-1304123.88,NEW NODE
550,Ramingining,2,1112649471,,track,325116.22,-1304402.06,NEW NODE
550,Ramingining,3,776237543,Dingbulu Road,unclassified,324238.98,-1304531.34,NEW NODE
550,Ramingining,4,1447426803,Dingbulu Road,tertiary,325387.47,-1303040.23,NEW NODE
641,Rittarangu,1,174686796,,unclassified,278888.24,-1561599.6,NEW NODE
258,Robinson River,1,776685088,,track_grade2,533517.64,-1794996.17,NEW NODE
258,Robinson River,2,143823870,Robinson River Road,unclassified,531965.16,-1794828.18,NEW NODE
642,Rockhole,1,26643374,Florina Road,tertiary,20982.67,-1538192.89,NEW NODE
642,Rockhole,2,26643374,Florina Road,tertiary,19297.87,-1539018.34,NEW NODE
642,Rockhole,3,233599507,Egan Street,unclassified,19332.79,-1538635.08,NEW NODE
642,Rockhole,4,1493649872,,service,19531.67,-1538267.09,NEW NODE
642,Rockhole,5,1493649873,,service,19497.93,-1538309.54,NEW NODE
642,Rockhole,6,1494324104,,service,20937.64,-1538152.07,NEW NODE
642,Rockhole,7,1494317439,,service,20406.98,-1537922.44,NEW NODE
642,Rockhole,8,233599508,Helena Road,unclassified,19604.54,-1538190.5,NEW NODE
642,Rockhole,9,233599510,Hendry Road,unclassified,20316.31,-1537916.33,NEW NODE
469,Rorruwuy,1,458789543,,track_grade5,475934.98,-1293347.73,NEW NODE
469,Rorruwuy,2,458789544,,track_grade5,475680.04,-1293465.49,NEW NODE
469,Rorruwuy,3,455250124,,track_grade4,476108.18,-1293312.75,NEW NODE
145,Santa Teresa,1,93255081,Old Andado Track (Binns Track),tertiary,238113.14,-2608265.56,NEW NODE
145,Santa Teresa,2,376524245,Power Road,unclassified,238359.11,-2608376.98,NEW NODE
145,Santa Teresa,3,376524245,Power Road,unclassified,238142.28,-2608283.02,NEW NODE
145,Santa Teresa,4,1553793223,Arlperre Road,residential,239113.46,-2606536.23,NEW NODE
145,Santa Teresa,5,778241253,,track_grade3,239438.9,-2606815.66,NEW NODE
145,Santa Teresa,6,777959213,,track,238730.26,-2606422.58,NEW NODE
145,Santa Teresa,7,928093204,,track,238628.75,-2606418.93,NEW NODE
145,Santa Teresa,8,928093204,,track,238711.35,-2606421.65,NEW NODE
145,Santa Teresa,9,777959569,,track,239005.11,-2606487.27,NEW NODE
145,Santa Teresa,10,1553793225,Phillipson Road,unclassified,238539.27,-2606423.82,NEW NODE
145,Santa Teresa,11,172449691,Santa Teresa Road,secondary,237939.09,-2606707.63,NEW NODE
264,Tara,1,448460449,,track_grade4,205791.46,-2312610.76,NEW NODE
264,Tara,2,777957994,,track_grade2,205501.95,-2314500.33,NEW NODE
264,Tara,3,777964153,,residential,204981.95,-2314437.12,NEW NODE
264,Tara,4,777964153,,residential,204891.9,-2314395.05,NEW NODE
264,Tara,5,141185468,,unclassified,204736.52,-2314292.63,NEW NODE
264,Tara,6,321679773,,unclassified,204621.46,-2314183.9,NEW NODE
148,Titjikala,1,189467795,,track_grade3,208187.38,-2668618.45,NEW NODE
148,Titjikala,2,189465627,,track,207542.64,-2668700.86,NEW NODE
148,Titjikala,3,186247785,Chambers Pillar Road,unclassified,206801.07,-2668045.37,NEW NODE
148,Titjikala,4,778232119,,track_grade5,207189.01,-2666891.98,NEW NODE
148,Titjikala,5,778234817,,track_grade4,208391.4,-2666958.95,NEW NODE
148,Titjikala,6,778234818,,track_grade4,208331.88,-2666913.04,NEW NODE
148,Titjikala,7,778234819,,track_grade4,208400.74,-2666967.42,NEW NODE
148,Titjikala,8,778234648,,track_grade4,207456.31,-2666765.19,NEW NODE
148,Titjikala,9,778234648,,track_grade4,208025.84,-2666762.59,NEW NODE
148,Titjikala,10,189467982,,unclassified,207215.29,-2666875.99,NEW NODE
148,Titjikala,11,226848225,Maryvale Road,tertiary,207270.32,-2666843.01,NEW NODE
148,Titjikala,12,778231553,,track_grade4,206977.08,-2667083.58,NEW NODE
148,Titjikala,13,189469547,,track,208408.69,-2666974.62,NEW NODE
426,Wadeye,1,777676759,,track_grade3,-270488.84,-1511986.34,NEW NODE
426,Wadeye,2,323166353,Perdjert Street,unclassified,-269972.75,-1511767.93,NEW NODE
426,Wadeye,3,323166364,Wadeye Int Road,unclassified,-271327.91,-1511684.61,NEW NODE
426,Wadeye,4,323166362,,residential,-269606.86,-1511014.15,NEW NODE
426,Wadeye,5,558930469,,unclassified,-269712.66,-1510546.44,NEW NODE
174,Wallace Rockhole,1,188451452,Wallace Rockhole Road,track,108544.54,-2605688.15,NEW NODE
174,Wallace Rockhole,2,188451450,,residential,110176.1,-2605324.69,NEW NODE
174,Wallace Rockhole,3,980799259,,track,110226.42,-2604804.44,NEW NODE
174,Wallace Rockhole,4,38482849,Wallace Rockhole Road,unclassified,109050.73,-2603990.45,NEW NODE
256,Wandangula,1,101093951,,unclassified,468429.56,-1715470.87,NEW NODE
256,Wandangula,2,458463742,,track_grade4,467887.14,-1714534.98,NEW NODE
256,Wandangula,3,454388855,,service,468115.78,-1714696.41,NEW NODE
256,Wandangula,4,454388855,,service,468397.41,-1715168.69,NEW NODE
654,Weemol,1,460923436,,unclassified,253919.58,-1446118.9,NEW NODE
654,Weemol,2,442678755,,unclassified,252250.75,-1445959.43,NEW NODE
186,Willowra,1,321690645,Willowra,unclassified,64139.39,-2283341.38,NEW NODE
186,Willowra,2,243878563,Willowra,track,63568.83,-2283786.04,NEW NODE
186,Willowra,3,461001833,Old Airstrip,track,63909.58,-2283606.58,NEW NODE
186,Willowra,4,243878562,Lander River Road,residential,62355.65,-2283202.25,NEW NODE
186,Willowra,5,243878564,Kakarrara Road,track,63199.62,-2281832.17,NEW NODE
187,Wilora,1,1413401217,,track,178549.31,-2338763.65,NEW NODE
187,Wilora,2,1413401209,,track,178551.98,-2338768.11,NEW NODE
187,Wilora,3,121502783,Stuart Highway,trunk,176771.73,-2338883.59,NEW NODE
187,Wilora,4,121502783,Stuart Highway,trunk,177797.05,-2338281.08,NEW NODE
434,Woodycupaldiya,1,404264106,Woodycupildiya Road,secondary,-217816.25,-1468274.4,NEW NODE
434,Woodycupaldiya,2,456100669,,track_grade3,-219763.2,-1468698.96,NEW NODE
434,Woodycupaldiya,3,404275705,,unclassified,-219777.05,-1468177.71,NEW NODE
434,Woodycupaldiya,4,404722759,Deleye Road,unclassified,-218561.94,-1467442.11,NEW NODE
581,Wugularr,1,1484824932,,residential,121683.21,-1544237.72,NEW NODE
581,Wugularr,2,370581980,Yangula Street,residential,121837.13,-1544158.17,NEW NODE
581,Wugularr,3,370581972,Laiwanga Street,residential,121895.83,-1544118.22,NEW NODE
581,Wugularr,4,370581959,Cameron Road,unclassified,122298.35,-1543433.51,NEW NODE
581,Wugularr,5,22716492,Central Arnhem Highway,trunk,120893.23,-1544220.95,NEW NODE
581,Wugularr,6,508394372,,track_grade5,120472.47,-1542760.68,NEW NODE
581,Wugularr,7,475474038,,track,121200.79,-1542317.62,NEW NODE
581,Wugularr,8,475474028,,track_grade5,120463.05,-1542776.38,NEW NODE
581,Wugularr,9,1301241425,Central Arnhem Highway,trunk,121940.07,-1542537.86,NEW NODE
227,Wutunugurra,1,311345086,Kurundi Road,unclassified,337529.52,-2198754.86,NEW NODE
227,Wutunugurra,2,311345086,Kurundi Road,unclassified,336470,-2199930.6,NEW NODE
658,Yarralin,1,320305828,,unclassified,-119177.83,-1750578.61,NEW NODE
658,Yarralin,2,320305828,,unclassified,-120811.77,-1751280.81,NEW NODE
658,Yarralin,3,775956789,,track,-120071.89,-1752314.33,NEW NODE
658,Yarralin,4,775956789,,track,-118821.76,-1751238.7,NEW NODE
658,Yarralin,5,461803542,,track_grade3,-119115.04,-1750635.52,NEW NODE
658,Yarralin,6,320305831,,track,-119556.63,-1750384.09,NEW NODE
571,Yathalamarra,1,447678285,,unclassified,324725.81,-1298113.22,NEW NODE
576,Yirrkala,1,48788820,Rocky Point Road,residential,542012.13,-1303090.01,NEW NODE
576,Yirrkala,2,1263358758,,track,542423.1,-1303023.73,NEW NODE
576,Yirrkala,3,777321533,,track,541465.72,-1302894.28,NEW NODE
576,Yirrkala,4,62214679,Yirrkala Road,secondary,541464.45,-1302893.34,NEW NODE
576,Yirrkala,5,62221241,Shady Beach Road,tertiary,543052.16,-1302218.98,NEW NODE
576,Yirrkala,6,62221239,Nuwul Road,tertiary,541325.23,-1301417.16,NEW NODE
197,Yuelamu,1,143574666,,unclassified,20395.41,-2396620.78,NEW NODE
197,Yuelamu,2,188551919,,residential,21370.08,-2396763.7,NEW NODE
197,Yuelamu,3,770232224,,unclassified,20173.17,-2395283.49,NEW NODE
197,Yuelamu,4,143574653,,unclassified,21818.63,-2395247.47,NEW NODE
197,Yuelamu,5,143574656,,unclassified,21964.03,-2396127.15,NEW NODE
198,Yuendumu,1,143305765,Yuendumu Road,unclassified,-19984.9,-2395680.57,NEW NODE
198,Yuendumu,2,776437082,,track_grade3,-20663.89,-2396299.01,NEW NODE
198,Yuendumu,3,188551925,,unclassified,-20629.04,-2396290.02,NEW NODE
198,Yuendumu,4,188551927,,unclassified,-19926.26,-2395427.11,NEW NODE
198,Yuendumu,5,143305792,,unclassified,-20158.75,-2394688.41,NEW NODE
198,Yuendumu,6,98997463,,unclassified,-21820.73,-2394898.75,NEW NODE
198,Yuendumu,7,143305761,,unclassified,-21317.19,-2394416.11,NEW NODE
198,Yuendumu,8,143305761,,unclassified,-20833.89,-2394338.24,NEW NODE
198,Yuendumu,9,143305757,,unclassified,-20693.19,-2394361.51,NEW NODE
198,Yuendumu,10,143305767,Mount Denison Road,unclassified,-20174.46,-2394671.07,NEW NODE
10153,Adelaide River,1,1479074379,,track,-99112.27,-1399999.64,NEW NODE
10153,Adelaide River,2,1479074379,,track,-99319.92,-1399766.44,NEW NODE
10153,Adelaide River,3,1479074379,,track,-98453.98,-1400223.85,NEW NODE
10153,Adelaide River,4,1479074380,,track,-98636.87,-1400211.56,NEW NODE
10153,Adelaide River,5,242172858,,service,-97698.56,-1399848.27,NEW NODE
10153,Adelaide River,6,468122607,,service,-97632.71,-1399754.45,NEW NODE
10153,Adelaide River,7,1058892007,Dorat Road,unclassified,-97859.72,-1400008.66,NEW NODE
10153,Adelaide River,8,482759431,Stuart Highway,trunk,-97615.69,-1399726.05,NEW NODE
10153,Adelaide River,9,1479074384,,track,-99390.15,-1398813.59,NEW NODE
10153,Adelaide River,10,4869479,Memorial Terrace,tertiary,-97570.79,-1398811.23,NEW NODE
10153,Adelaide River,11,242172859,Coach Road,unclassified,-99348.41,-1398731.34,NEW NODE
10153,Adelaide River,12,482759429,Stuart Highway,trunk,-98945.7,-1398340.55,NEW NODE
10153,Adelaide River,13,1479074389,,track,-98884.39,-1398311.55,NEW NODE
10153,Adelaide River,14,242172865,,unclassified,-99340.58,-1398718.28,NEW NODE
916,Angatyepe,1,376662588,Larapinta Drive,primary,173368.17,-2562827.86,NEW NODE
916,Angatyepe,2,376662588,Larapinta Drive,primary,174565.22,-2562244.33,NEW NODE
916,Angatyepe,3,459809884,,service,173309.22,-2563376.22,NEW NODE
916,Angatyepe,4,459809883,,service,173308.82,-2563373.51,NEW NODE
916,Angatyepe,5,1266217945,,track,173340.62,-2562904.87,NEW NODE
916,Angatyepe,6,1266217945,,track,174629.97,-2562265.48,NEW NODE
916,Angatyepe,7,377597054,,service,173313.13,-2563009.97,NEW NODE
168,Arlparra,1,914580551,Sandover Highway,secondary,283611.33,-2380787.13,NEW NODE
168,Arlparra,2,920025228,,unclassified,283389.51,-2380669.42,NEW NODE
168,Arlparra,3,920025216,,unclassified,283915.93,-2378855.45,NEW NODE
168,Arlparra,4,920025230,,unclassified,284235.35,-2378890.98,NEW NODE
168,Arlparra,5,920025231,,unclassified,284376.2,-2378942.43,NEW NODE
168,Arlparra,6,914580550,Sandover Highway,secondary,284432.91,-2378969.26,NEW NODE
968,Armorran,1,440558396,,track_grade5,152706,-1238754.53,NEW NODE
968,Armorran,2,440558396,,track_grade5,154651.84,-1238920.54,NEW NODE
919,Arrillhjere,1,1030834933,,service,163069.85,-2566635.61,NEW NODE
919,Arrillhjere,2,440574356,,unclassified,164053.97,-2565969.15,NEW NODE
919,Arrillhjere,3,1030834930,,track,163133.11,-2567443.46,NEW NODE
919,Arrillhjere,4,1030834930,,track,163012.31,-2566961.85,NEW NODE
146,Atnarara,1,376796554,,unclassified,286242.47,-2373527.59,NEW NODE
146,Atnarara,2,376796554,,unclassified,284775.93,-2372219.64,NEW NODE
146,Atnarara,3,440736274,,track_grade5,286284.54,-2373451.44,NEW NODE
146,Atnarara,4,440736274,,track_grade5,285842.11,-2372117.56,NEW NODE
10677,Batchelor,1,1447151497,Coach Road,unclassified,-107519.27,-1379264.82,NEW NODE
10677,Batchelor,2,242025983,Woolley Court,residential,-106410.63,-1379234.89,NEW NODE
10677,Batchelor,3,242025987,Cameron Road,residential,-106407.35,-1379232.46,NEW NODE
10677,Batchelor,4,1554834999,Meneling Road,unclassified,-107982.98,-1378509.21,NEW NODE
10677,Batchelor,5,300792860,,unclassified,-107683.41,-1377701.98,NEW NODE
10677,Batchelor,6,801792816,Rum Jungle Road,secondary,-107439.8,-1377528.24,NEW NODE
10677,Batchelor,7,374619705,Batchelor Road,secondary,-106062.7,-1378799.52,NEW NODE
25,Blackwater,1,783468098,,track,-10846.57,-2508889.28,NEW NODE
25,Blackwater,2,777731426,,track_grade2,-9573.91,-2508457.16,NEW NODE
25,Blackwater,3,783468108,,track,-9448.45,-2507980,NEW NODE
25,Blackwater,4,783468102,,track,-10227.02,-2506998.59,NEW NODE
25,Blackwater,5,783468107,,track,-9557.81,-2507519.17,NEW NODE
25,Blackwater,6,143126489,,unclassified,-10146.66,-2507019.92,NEW NODE
25,Blackwater,7,143126463,,track_grade4,-10843.57,-2507055.04,NEW NODE
25,Blackwater,8,143126463,,track_grade4,-9460.13,-2507826.18,NEW NODE
11092,Borroloola,1,769618879,,track_grade2,462636.92,-1717502.15,NEW NODE
11092,Borroloola,2,29222443,Robinson Road,secondary,463296.2,-1715698.43,NEW NODE
11092,Borroloola,3,29222443,Robinson Road,secondary,463358.45,-1717684.9,NEW NODE
11092,Borroloola,4,769618878,,track,462285.27,-1716357.17,NEW NODE
11092,Borroloola,5,769618878,,track,462323.08,-1716266.29,NEW NODE
11092,Borroloola,6,769618878,,track,462386.04,-1716152.22,NEW NODE
11092,Borroloola,7,769618877,,track_grade2,462587.31,-1715925.12,NEW NODE
11092,Borroloola,8,101389461,Mulholland Street,residential,462652.64,-1715876.08,NEW NODE
11092,Borroloola,9,101389453,Anyula Street,residential,463035.45,-1715713.37,NEW NODE
11092,Borroloola,10,769621899,,track_grade3,463749.75,-1715844.88,NEW NODE
11092,Borroloola,11,379217392,Jose Street,residential,462743.23,-1715819.37,NEW NODE
11092,Borroloola,12,101389509,Harney Court,residential,462856.07,-1715766.22,NEW NODE
11092,Borroloola,13,745883527,,residential,462961.97,-1715731.23,NEW NODE
11092,Borroloola,14,769622554,,service,463252.37,-1715696.28,NEW NODE
24904,Brumby Plains,1,440949744,,track_grade5,-318102.03,-1820892.8,NEW NODE
24904,Brumby Plains,2,440949744,,track_grade5,-319438.87,-1822159,NEW NODE
949,Bunhanura,1,1335603143,Barge Landing Road,tertiary,412827.15,-1311648.83,NEW NODE
949,Bunhanura,2,1335603143,Barge Landing Road,tertiary,411217.78,-1310520.8,NEW NODE
12194,Daly Waters,1,423688133,,service,147655.75,-1730940.88,NEW NODE
12194,Daly Waters,2,809069014,,secondary,147131.56,-1731120.43,NEW NODE
12194,Daly Waters,3,98696503,,unclassified,146431.34,-1729364.63,NEW NODE
477,Dhipirrinjura,1,445443558,,track_grade5,343574.67,-1296368.88,NEW NODE
981,Djirrbiyak,1,445554023,,unclassified,84655.65,-1344718.48,NEW NODE
981,Djirrbiyak,2,509686230,Kakadu Highway,secondary,84674.64,-1344711.68,NEW NODE
981,Djirrbiyak,3,509686230,Kakadu Highway,secondary,84754.3,-1344678.45,NEW NODE
46,Dons Bore,1,188551915,,unclassified,-7262.48,-2395798.41,NEW NODE
46,Dons Bore,2,188551915,,unclassified,-9147.17,-2396278.02,NEW NODE
34,Eight Mile,1,93777079,,track,69473.45,-2578846.18,NEW NODE
34,Eight Mile,2,448801069,,track_grade4,68857.63,-2579100.61,NEW NODE
34,Eight Mile,3,440566916,No Entry (Aboriginal Freehold),unclassified,67855.66,-2578411.94,NEW NODE
34,Eight Mile,4,456567647,,track_grade3,67806.61,-2578116.07,NEW NODE
34,Eight Mile,5,446597493,,track,69108.73,-2577150.67,NEW NODE
920,Elitjia,1,376662588,Larapinta Drive,primary,162172.72,-2566029.03,NEW NODE
920,Elitjia,2,376662588,Larapinta Drive,primary,163630.81,-2565853.33,NEW NODE
920,Elitjia,3,440574356,,unclassified,163982.52,-2566614.41,NEW NODE
920,Elitjia,4,440574356,,unclassified,163967.17,-2566783.04,NEW NODE
920,Elitjia,5,1030834930,,track,163171.63,-2567595.45,NEW NODE
920,Elitjia,6,534414177,,track,163559.24,-2565797.96,NEW NODE
12641,Elliott,1,208044673,,track,164290.86,-1874549.97,NEW NODE
12641,Elliott,2,208044536,,unclassified,164629.97,-1874206.95,NEW NODE
12641,Elliott,3,208044533,,track,164749.29,-1873491.33,NEW NODE
12641,Elliott,4,397715201,,track,164769.34,-1873733.82,NEW NODE
12641,Elliott,5,845670167,,track,164709.49,-1874039.27,NEW NODE
12641,Elliott,6,845670167,,track,163256.71,-1872840.88,NEW NODE
12641,Elliott,7,777686507,,track_grade4,162790.01,-1873504.3,NEW NODE
12641,Elliott,8,845670165,Stuart Highway,trunk,164683.67,-1874103.7,NEW NODE
12641,Elliott,9,845670165,Stuart Highway,trunk,163213.35,-1872867.19,NEW NODE
12641,Elliott,10,777684560,,track_grade4,163031.43,-1873025.88,NEW NODE
12641,Elliott,11,768114735,,service,163114.54,-1872944.13,NEW NODE
12641,Elliott,12,768114735,,service,163143.93,-1872918.67,NEW NODE
12641,Elliott,13,1493486736,,track,164193.48,-1872791.87,NEW NODE
57,Five Mile,1,1223940767,,track,85519.7,-2582725.11,NEW NODE
57,Five Mile,2,93787034,,unclassified,86409.68,-2581402.9,NEW NODE
57,Five Mile,3,93787034,,unclassified,84492.77,-2581956.56,NEW NODE
489,Galawdjapin,1,447412014,,unclassified,311903.52,-1299824.79,NEW NODE
489,Galawdjapin,2,447412014,,unclassified,312392.71,-1297888.02,NEW NODE
489,Galawdjapin,3,447412015,,track_grade5,312538.06,-1299800.49,NEW NODE
963,Garanydjirr,1,442415440,,track_grade3,333803.28,-1298489.01,NEW NODE
973,Hingstons Place,1,208044610,Kaczinsky Road,unclassified,229812.49,-2104548.3,NEW NODE
973,Hingstons Place,2,1334814326,,track,229852.89,-2104538.18,NEW NODE
973,Hingstons Place,3,226560897,Stuart Highway,trunk,229088.48,-2104447.02,NEW NODE
973,Hingstons Place,4,172569408,Stuart Highway,trunk,229416.7,-2102591.42,NEW NODE
973,Hingstons Place,5,1204744982,,track,229202.24,-2102651.21,NEW NODE
973,Hingstons Place,6,1204744981,,track,229385.9,-2102595.99,NEW NODE
973,Hingstons Place,7,1204744461,,track,229301.1,-2102617.09,NEW NODE
973,Hingstons Place,8,226561034,Warrego Road,tertiary,228716.36,-2104079.41,NEW NODE
800,Hunters Camp,1,509686230,Kakadu Highway,secondary,91288.55,-1336121.59,NEW NODE
800,Hunters Camp,2,505983119,Arnhem Highway,secondary,92221.79,-1335972.87,NEW NODE
800,Hunters Camp,3,172807010,Arnhem Highway,primary,90631.68,-1335345.13,NEW NODE
52,Importna,1,448917599,,track,74863.01,-2585123.66,NEW NODE
52,Importna,2,93780642,,service,75595.37,-2584822.33,NEW NODE
52,Importna,3,1068740878,Larapinta Drive,primary,75672.1,-2584732.96,NEW NODE
52,Importna,4,93776147,,track,73990.82,-2584580.84,NEW NODE
52,Importna,5,93776549,,track,74023.05,-2583611.2,NEW NODE
52,Importna,6,182528307,Larapinta Drive,primary,73915.05,-2583865.61,NEW NODE
932,Inbina Atwatye,1,376662588,Larapinta Drive,primary,171993.2,-2563254.46,NEW NODE
932,Inbina Atwatye,2,376662588,Larapinta Drive,primary,173852.05,-2562634.82,NEW NODE
932,Inbina Atwatye,3,459809885,,service,173588.17,-2563443.84,NEW NODE
932,Inbina Atwatye,4,1266217945,,track,172022.67,-2563303.63,NEW NODE
932,Inbina Atwatye,5,1266217945,,track,173858.05,-2562703.89,NEW NODE
932,Inbina Atwatye,6,1486469775,,unclassified,171864.34,-2562686.39,NEW NODE
932,Inbina Atwatye,7,1485872453,,track,173564.81,-2562049.24,NEW NODE
932,Inbina Atwatye,8,1486469774,,track,172659.14,-2561779.98,NEW NODE
82,Inkwelaye,1,203344393,,unclassified,290158.6,-2379986.84,NEW NODE
82,Inkwelaye,2,203344390,,unclassified,289067.48,-2378371.35,NEW NODE
82,Inkwelaye,3,203344420,,track,290720.37,-2378678.52,NEW NODE
771,Ipalala,1,448800813,,unclassified,69305.4,-2582355.98,NEW NODE
921,Irriltyere (A),1,376662588,Larapinta Drive,primary,169975.58,-2563796.99,NEW NODE
921,Irriltyere (A),2,376662588,Larapinta Drive,primary,171795.33,-2563298.64,NEW NODE
921,Irriltyere (A),3,1182599331,,unclassified,169979.31,-2563752.07,NEW NODE
921,Irriltyere (A),4,448647003,,residential,170322.97,-2563105.92,NEW NODE
921,Irriltyere (A),5,1266217945,,track,169972.66,-2563874.62,NEW NODE
921,Irriltyere (A),6,1266217945,,track,171824.32,-2563344.33,NEW NODE
921,Irriltyere (A),7,1486469778,,residential,170278.85,-2563145.91,NEW NODE
921,Irriltyere (A),8,1486469776,,unclassified,171232.63,-2562901.05,NEW NODE
921,Irriltyere (A),9,1486469777,,residential,171194.13,-2562891.4,NEW NODE
921,Irriltyere (A),10,1246973499,,track,170858.76,-2562872.57,NEW NODE
921,Irriltyere (A),11,1246973499,,track,171103.71,-2562875.25,NEW NODE
922,Irriltyere (B),1,448886137,,unclassified,169723.02,-2564000.66,NEW NODE
935,Itchy Koo Park,1,376662588,Larapinta Drive,primary,167495.58,-2564565.92,NEW NODE
935,Itchy Koo Park,2,376662588,Larapinta Drive,primary,166477.35,-2564925.81,NEW NODE
935,Itchy Koo Park,3,457648445,,service,167167.62,-2564543.19,NEW NODE
923,Iteyepintye,1,376662588,Larapinta Drive,primary,161996.06,-2566037.52,NEW NODE
923,Iteyepintye,2,376662588,Larapinta Drive,primary,161009.67,-2566160.16,NEW NODE
923,Iteyepintye,3,448898318,,unclassified,162086.62,-2564515.59,NEW NODE
923,Iteyepintye,4,448898306,,residential,162392.34,-2565146.66,NEW NODE
923,Iteyepintye,5,448898308,,residential,162392.37,-2565147.15,NEW NODE
923,Iteyepintye,6,448898307,,residential,162392.31,-2565145.95,NEW NODE
924,Itperlyenge,1,376662588,Larapinta Drive,primary,162887.7,-2566063.13,NEW NODE
924,Itperlyenge,2,376662588,Larapinta Drive,primary,162078.26,-2566032.33,NEW NODE
924,Itperlyenge,3,1030834933,,service,162883.31,-2566064.7,NEW NODE
924,Itperlyenge,4,1246945074,,track,162721.84,-2566113.31,NEW NODE
924,Itperlyenge,5,448898024,,unclassified,161717.16,-2565733.19,NEW NODE
924,Itperlyenge,6,448898024,,unclassified,161537.36,-2565334.64,NEW NODE
924,Itperlyenge,7,448898029,,track_grade1,161585.63,-2565496.74,NEW NODE
924,Itperlyenge,8,448898313,,unclassified,161966.78,-2565969.64,NEW NODE
924,Itperlyenge,9,457648460,,track_grade4,163505.39,-2564991.19,NEW NODE
824,Jemelke,1,776529067,,unclassified,193743.49,-2316602.78,NEW NODE
824,Jemelke,2,208044571,,track,193749.63,-2316156.86,NEW NODE
824,Jemelke,3,208044571,,track,191793.36,-2316568.23,NEW NODE
824,Jemelke,4,765978977,Stuart Highway,trunk,193770.44,-2316414.54,NEW NODE
824,Jemelke,5,226560891,Stuart Highway,trunk,191861.32,-2316776.56,NEW NODE
67,Kaporilya,1,93776005,,unclassified,72821.62,-2584990.33,NEW NODE
67,Kaporilya,2,93776005,,unclassified,72595.79,-2585026.15,NEW NODE
67,Kaporilya,3,93776147,,track,73302,-2584687.65,NEW NODE
67,Kaporilya,4,93774164,,track,72163.39,-2584949.58,NEW NODE
67,Kaporilya,5,93776549,,track,72813.14,-2583064.18,NEW NODE
67,Kaporilya,6,182528307,Larapinta Drive,primary,73445.02,-2583581.26,NEW NODE
67,Kaporilya,7,182528307,Larapinta Drive,primary,72750.55,-2583048.5,NEW NODE
14240,Kulgera,1,1068917571,Stuart Highway,trunk,128413.28,-2798386.87,NEW NODE
14240,Kulgera,2,186251359,Finke Road,tertiary,129732.75,-2797065.14,NEW NODE
14240,Kulgera,3,1068917572,Stuart Highway,trunk,128344.9,-2796596.62,NEW NODE
14240,Kulgera,4,1030660779,,track,127859.37,-2797206.99,NEW NODE
14240,Kulgera,5,764347070,Old Alignment,track_grade3,128830.98,-2796475.67,NEW NODE
14240,Kulgera,6,1030660782,,track,129677.02,-2796959.23,NEW NODE
391,Kungarrewarl,1,198378947,Maningrida Access,secondary,116001.13,-1302231.64,NEW NODE
391,Kungarrewarl,2,198378947,Maningrida Access,secondary,117813.32,-1301487.35,NEW NODE
391,Kungarrewarl,3,444247568,,track_grade3,117578.76,-1302846.36,NEW NODE
391,Kungarrewarl,4,444247581,,track_grade2,117981.45,-1302078.54,NEW NODE
391,Kungarrewarl,5,241565361,,tertiary,116714.03,-1301082.37,NEW NODE
718,Kuy,1,323262310,,track_grade3,-261673.59,-1488827.67,NEW NODE
925,Kwale Kwale,1,376662588,Larapinta Drive,primary,158287.25,-2566615.11,NEW NODE
925,Kwale Kwale,2,376662588,Larapinta Drive,primary,159575.53,-2566431.66,NEW NODE
925,Kwale Kwale,3,450575012,,track_grade4,157866.98,-2565485.64,NEW NODE
14359,Larrimah,1,595075919,,track_grade2,130472.79,-1654942.89,NEW NODE
14359,Larrimah,2,482759391,Stuart Highway,trunk,131847.03,-1656281.65,NEW NODE
14359,Larrimah,3,592021725,,unclassified,131253.07,-1654417.02,NEW NODE
14359,Larrimah,4,765978972,Stuart Highway,trunk,130985.38,-1654483.29,NEW NODE
14359,Larrimah,5,328316986,Larrimah Western Creek Road,unclassified,130713.15,-1656176.78,NEW NODE
856,Lizard Bore,1,189318493,Gary Junction Road,tertiary,-86850.59,-2511972.47,NEW NODE
856,Lizard Bore,2,189318493,Gary Junction Road,tertiary,-88645.3,-2512535.47,NEW NODE
614,Lul-Tju,1,188736186,Parnta Access Road,unclassified,-148929.37,-1965636.87,NEW NODE
614,Lul-Tju,2,188736186,Parnta Access Road,unclassified,-148233.79,-1963765.81,NEW NODE
94,Lyilyalanama,1,93781350,,track,75537.27,-2585730.04,NEW NODE
94,Lyilyalanama,2,93781350,,track,75498.09,-2585753.52,NEW NODE
94,Lyilyalanama,3,93776005,,unclassified,74049.35,-2585159.78,NEW NODE
94,Lyilyalanama,4,93780622,,track,76007.51,-2584843.37,NEW NODE
94,Lyilyalanama,5,1068740878,Larapinta Drive,primary,76008.63,-2584897.79,NEW NODE
94,Lyilyalanama,6,93776147,,track,74068.3,-2584547.44,NEW NODE
94,Lyilyalanama,7,93776549,,track,74541.5,-2583998.39,NEW NODE
94,Lyilyalanama,8,182528307,Larapinta Drive,primary,74382.16,-2584103.65,NEW NODE
897,Mandedjkadjang,1,447934882,,unclassified,225174.61,-1295767.32,NEW NODE
897,Mandedjkadjang,2,447934882,,unclassified,226035.65,-1294741.18,NEW NODE
23547,Mataranka,1,765978968,Stuart Highway,trunk,116371.67,-1584663.88,NEW NODE
23547,Mataranka,2,262978366,,track,116234.96,-1584719.26,NEW NODE
23547,Mataranka,3,453949962,,service,115183.68,-1584427.19,NEW NODE
23547,Mataranka,4,117058672,Carew Road,unclassified,115439.97,-1584635.55,NEW NODE
23547,Mataranka,5,334320944,,service,115140.97,-1583157.64,NEW NODE
23547,Mataranka,6,334320944,,service,114998.29,-1584119.26,NEW NODE
23547,Mataranka,7,334320944,,service,115003.05,-1584132.57,NEW NODE
23547,Mataranka,8,262978377,,track,116907.66,-1583547.43,NEW NODE
23547,Mataranka,9,262978352,,track,116824.86,-1583316.39,NEW NODE
23547,Mataranka,10,482759395,Roper Terrace,trunk,115225.58,-1583059.65,NEW NODE
23547,Mataranka,11,462105405,Martin Road,tertiary,116687.52,-1583111.86,NEW NODE
23547,Mataranka,12,262978380,,track,116580.58,-1583005.58,NEW NODE
872,Merral Ntarrakala,1,1223940756,,service,82916.25,-2582055.44,NEW NODE
872,Merral Ntarrakala,2,93786570,,track,82541.58,-2581562.58,NEW NODE
872,Merral Ntarrakala,3,93782790,,track,83519.97,-2580235.2,NEW NODE
872,Merral Ntarrakala,4,93787034,,unclassified,83544.83,-2582230.51,NEW NODE
872,Merral Ntarrakala,5,93787034,,unclassified,83969.47,-2582107.33,NEW NODE
106,Motna's,1,33920888,Palm Valley Track,unclassified,77882.21,-2586099.46,NEW NODE
106,Motna's,2,227896715,Larapinta Drive,primary,78497.05,-2585185.1,NEW NODE
106,Motna's,3,93780622,,track,76573.69,-2584793.64,NEW NODE
106,Motna's,4,208044600,,unclassified,78440.75,-2584848.1,NEW NODE
106,Motna's,5,1068740878,Larapinta Drive,primary,76499.39,-2585137.33,NEW NODE
106,Motna's,6,208044535,Kaltjarrinja Street,residential,78387.57,-2584722.45,NEW NODE
106,Motna's,7,1223940748,,service,78163.79,-2584432.48,NEW NODE
106,Motna's,8,776784284,,service,78181.65,-2584448.67,NEW NODE
106,Motna's,9,1223940750,,service,78146.96,-2584417.22,NEW NODE
106,Motna's,10,172293679,Raberaba Circuit,residential,77988.01,-2584306.1,NEW NODE
106,Motna's,11,172293679,Raberaba Circuit,residential,78229.11,-2584496.52,NEW NODE
106,Motna's,12,93783958,,track,77563.95,-2584179.82,NEW NODE
875,Mount Twellar,1,446455293,,track_grade4,164863.52,-2539819.04,NEW NODE
380,Mudginberri,1,452818436,,residential,95885.6,-1330275.73,NEW NODE
380,Mudginberri,2,452826153,,residential,95657.76,-1329062.25,NEW NODE
801,Mumukala,1,324991226,,unclassified,73620.46,-1331868.56,NEW NODE
801,Mumukala,2,452375172,,track_grade5,73514.46,-1329884.15,NEW NODE
648,Muruning,1,134014740,Victoria Highway,trunk,-163846.97,-1667647.44,NEW NODE
648,Muruning,2,369735768,,track_grade3,-163319.88,-1665723.05,NEW NODE
648,Muruning,3,369735768,,track_grade3,-163057.35,-1667581.39,NEW NODE
648,Muruning,4,320186826,Victoria Highway,trunk,-163880.84,-1665764.9,NEW NODE
648,Muruning,5,320186821,,track,-164194.37,-1665954.43,NEW NODE
678,Myatt,1,134014740,Victoria Highway,trunk,-163838.72,-1669166.31,NEW NODE
678,Myatt,2,134014740,Victoria Highway,trunk,-163925.83,-1671092.94,NEW NODE
678,Myatt,3,369735768,,track_grade3,-163308.77,-1671090.55,NEW NODE
678,Myatt,4,369735768,,track_grade3,-163193.68,-1669238.39,NEW NODE
886,Nadilmuk,1,213563072,,track,254879.03,-1266894.5,NEW NODE
770,Ntakarra,1,93777079,,track,68883.76,-2578068.3,NEW NODE
770,Ntakarra,2,93777079,,track,69200.18,-2578266.86,NEW NODE
770,Ntakarra,3,93777079,,track,69517.58,-2578928.45,NEW NODE
770,Ntakarra,4,448801069,,track_grade4,69413.08,-2579449.36,NEW NODE
770,Ntakarra,5,446597492,,track_grade3,68425.24,-2578004.03,NEW NODE
770,Ntakarra,6,440566916,No Entry (Aboriginal Freehold),unclassified,67530.7,-2578868.78,NEW NODE
770,Ntakarra,7,440566916,No Entry (Aboriginal Freehold),unclassified,68048.89,-2578117.87,NEW NODE
770,Ntakarra,8,456567646,,track_grade3,67632.47,-2578542.03,NEW NODE
770,Ntakarra,9,446597493,,track,68862.73,-2578060.77,NEW NODE
281,Paradise Farm,1,506830569,Kakadu Highway,secondary,59655.01,-1366851.02,NEW NODE
281,Paradise Farm,2,330896188,,track,59509.22,-1367093.51,NEW NODE
281,Paradise Farm,3,449694095,Kakadu Highway,secondary,59661.54,-1366088.71,NEW NODE
926,Payeperrentye (B),1,450575036,,unclassified,157507.14,-2566711.29,NEW NODE
926,Payeperrentye (B),2,450575038,,unclassified,157795.15,-2565290.19,NEW NODE
926,Payeperrentye (B),3,450575012,,track_grade4,157910.85,-2565508.26,NEW NODE
927,Perte Therre,1,376662588,Larapinta Drive,primary,167015.69,-2564700.88,NEW NODE
927,Perte Therre,2,376662588,Larapinta Drive,primary,165289.8,-2565247.95,NEW NODE
927,Perte Therre,3,448897354,,unclassified,166994.43,-2564812.7,NEW NODE
927,Perte Therre,4,457648443,,track_grade3,167009.97,-2564404.45,NEW NODE
927,Perte Therre,5,457648458,,track_grade3,165039.68,-2564408,NEW NODE
927,Perte Therre,6,457648460,,track_grade4,165036.3,-2564713.07,NEW NODE
133,Phillipson Bore,1,778299207,,track_grade4,245453.27,-2603594.1,NEW NODE
133,Phillipson Bore,2,376369383,,unclassified,243581.05,-2604118.36,NEW NODE
17626,Pine Creek,1,588231908,Jollys Dam Road,unclassified,-18369.94,-1463687.11,NEW NODE
17626,Pine Creek,2,172802719,Stuart Highway,trunk,-17331.48,-1463312.04,NEW NODE
17626,Pine Creek,3,172802719,Stuart Highway,trunk,-18496.93,-1461785.94,NEW NODE
17626,Pine Creek,4,591367291,,track,-17997.57,-1463706.26,NEW NODE
17626,Pine Creek,5,591367291,,track,-17462.41,-1463456.48,NEW NODE
17626,Pine Creek,6,29251848,Chinatown Road,unclassified,-17685.02,-1463609.48,NEW NODE
17626,Pine Creek,7,374774863,,unclassified,-18874.97,-1463385.83,NEW NODE
17626,Pine Creek,8,374774863,,unclassified,-18680.49,-1463553.27,NEW NODE
17626,Pine Creek,9,588231905,,track,-18372.61,-1463686.44,NEW NODE
17626,Pine Creek,10,776211433,,track,-18333.78,-1463696.17,NEW NODE
17626,Pine Creek,11,588231896,,track,-17137.68,-1462802.69,NEW NODE
17626,Pine Creek,12,29251901,Enterprise Road,unclassified,-19116.49,-1462536.76,NEW NODE
17626,Pine Creek,13,4880472,Main Terrace,tertiary,-18772.17,-1461947.6,NEW NODE
17626,Pine Creek,14,588231891,,track,-17613.56,-1461863.83,NEW NODE
17626,Pine Creek,15,588231891,,track,-17282.58,-1463239.9,NEW NODE
17626,Pine Creek,16,29251900,Eleanor Road,unclassified,-19033.98,-1462284.65,NEW NODE
17626,Pine Creek,17,400422582,,service,-17148.27,-1462551.21,NEW NODE
17626,Pine Creek,18,401114270,,service,-17448.77,-1461989.26,NEW NODE
17626,Pine Creek,19,401282482,Kakadu Highway,secondary,-18408.18,-1461755.85,NEW NODE
861,Rutjingka,1,458816409,,service,82642.13,-2582268.03,NEW NODE
861,Rutjingka,2,1223940756,,service,83134.35,-2581384.44,NEW NODE
861,Rutjingka,3,1223940756,,service,82929.49,-2582013.32,NEW NODE
861,Rutjingka,4,93786695,,track,83050.93,-2581807.73,NEW NODE
18964,Ti Tree,1,226560889,Stuart Highway,trunk,145205.72,-2383025.64,NEW NODE
18964,Ti Tree,2,777720840,,track_grade3,144068.84,-2382455.1,NEW NODE
18964,Ti Tree,3,215104253,Nturiya Road,unclassified,144125,-2382563.17,NEW NODE
18964,Ti Tree,4,226560878,Stuart Highway,trunk,145129.23,-2381063.76,NEW NODE
18964,Ti Tree,5,215056707,,track_grade3,145735.48,-2382708.78,NEW NODE
18974,Timber Creek,1,369735768,,track_grade3,-163261.34,-1665977.95,NEW NODE
18974,Timber Creek,2,320186826,Victoria Highway,trunk,-164157.25,-1664315.9,NEW NODE
18974,Timber Creek,3,320186826,Victoria Highway,trunk,-163700.08,-1666256.52,NEW NODE
18974,Timber Creek,4,320186821,,track,-164723.51,-1664616.64,NEW NODE
18974,Timber Creek,5,335663517,Heritage Walk,track_grade3,-164083.83,-1664306.07,NEW NODE
18974,Timber Creek,6,29397071,,unclassified,-164120.62,-1664310.46,NEW NODE
149,Tjamangkurra,1,1223940771,,track,81744.24,-2588100.87,NEW NODE
149,Tjamangkurra,2,459803622,,track_grade3,81462.98,-2586415.24,NEW NODE
149,Tjamangkurra,3,1223940773,,track,80568.09,-2586493.42,NEW NODE
149,Tjamangkurra,4,93640275,,unclassified,82083.92,-2587467.47,NEW NODE
149,Tjamangkurra,5,93640275,,unclassified,80298.95,-2586736.93,NEW NODE
149,Tjamangkurra,6,93782539,,track,81645.02,-2586510.17,NEW NODE
762,Tjintirtjintirpa,1,777988300,,track_grade3,-73692.12,-2511778.42,NEW NODE
762,Tjintirtjintirpa,2,399080181,,track,-74142.46,-2509831.91,NEW NODE
762,Tjintirtjintirpa,3,143122348,,track,-74022.64,-2509808.11,NEW NODE
928,Tnerte,1,376662588,Larapinta Drive,primary,172599.02,-2563115.27,NEW NODE
928,Tnerte,2,376662588,Larapinta Drive,primary,174024.02,-2562559.21,NEW NODE
928,Tnerte,3,1266217945,,track,174074.39,-2562589.4,NEW NODE
928,Tnerte,4,1266217945,,track,172577.23,-2563189,NEW NODE
928,Tnerte,5,440540132,,residential,174516.95,-2563206.57,NEW NODE
928,Tnerte,6,440540124,,residential,174503.81,-2563154.12,NEW NODE
928,Tnerte,7,448647005,,unclassified,172687.5,-2562924.17,NEW NODE
928,Tnerte,8,377597055,,residential,174277.74,-2562757.79,NEW NODE
928,Tnerte,9,1485872461,,residential,172816.77,-2562752.57,NEW NODE
928,Tnerte,10,1485872459,,residential,172896.05,-2562676.58,NEW NODE
928,Tnerte,11,1486468931,,unclassified,172921.02,-2562655.68,NEW NODE
928,Tnerte,12,1485326896,,unclassified,173104.03,-2562540.13,NEW NODE
928,Tnerte,13,1485872454,,track,173330.69,-2562460.5,NEW NODE
155,Tnyimipurta,1,446597492,,track_grade3,68619.39,-2578045.85,NEW NODE
155,Tnyimipurta,2,440566916,No Entry (Aboriginal Freehold),unclassified,67293.88,-2579126.82,NEW NODE
155,Tnyimipurta,3,440566916,No Entry (Aboriginal Freehold),unclassified,68412.99,-2577564.82,NEW NODE
929,Twetye (A),1,376662588,Larapinta Drive,primary,173020.29,-2562963.47,NEW NODE
929,Twetye (A),2,376662588,Larapinta Drive,primary,171392.64,-2563388.57,NEW NODE
929,Twetye (A),3,1248088754,,track,171330.01,-2563325.33,NEW NODE
929,Twetye (A),4,1266217945,,track,172992.43,-2563040.34,NEW NODE
929,Twetye (A),5,1266217945,,track,171445.31,-2563434.72,NEW NODE
929,Twetye (A),6,448646988,,residential,171112.61,-2562942.89,NEW NODE
929,Twetye (A),7,448646987,,residential,173032.1,-2562924.34,NEW NODE
929,Twetye (A),8,1246973499,,track,171097.1,-2562881.01,NEW NODE
929,Twetye (A),9,459875684,,service,171084.29,-2562816.21,NEW NODE
929,Twetye (A),10,459875684,,service,171083.72,-2562812.4,NEW NODE
929,Twetye (A),11,1485872458,,track,173058.86,-2562795.39,NEW NODE
929,Twetye (A),12,1485326896,,unclassified,172871.55,-2562058.58,NEW NODE
929,Twetye (A),13,1485326896,,unclassified,173050.79,-2562849.71,NEW NODE
929,Twetye (A),14,1486469774,,track,172663.24,-2561850.97,NEW NODE
930,Twetye (B),1,376662588,Larapinta Drive,primary,170487.88,-2563677.03,NEW NODE
930,Twetye (B),2,376662588,Larapinta Drive,primary,172106.28,-2563229.11,NEW NODE
930,Twetye (B),3,1182599331,,unclassified,170404.93,-2563593.95,NEW NODE
930,Twetye (B),4,448647003,,residential,170168.26,-2563105.5,NEW NODE
930,Twetye (B),5,1266217945,,track,170539.2,-2563720.01,NEW NODE
930,Twetye (B),6,1266217945,,track,172084.13,-2563291.02,NEW NODE
930,Twetye (B),7,1486469778,,residential,170168.33,-2563105.92,NEW NODE
930,Twetye (B),8,448646988,,residential,170207.77,-2563256.55,NEW NODE
930,Twetye (B),9,1182599045,,track,170156.88,-2563028.13,NEW NODE
930,Twetye (B),10,448647004,,unclassified,172129.13,-2563141.21,NEW NODE
930,Twetye (B),11,1486468943,,residential,172110.57,-2562646.83,NEW NODE
931,Tywenpe (A),1,1485567483,,track,175482.9,-2560929.16,NEW NODE
931,Tywenpe (A),2,460002184,,residential,174993.45,-2561989.95,NEW NODE
931,Tywenpe (A),3,69358288,Darken Drive,unclassified,175351.95,-2561644.29,NEW NODE
931,Tywenpe (A),4,1485872453,,track,173725.98,-2561751.29,NEW NODE
931,Tywenpe (A),5,69358286,Darken Drive,unclassified,174869.78,-2560191.28,NEW NODE
933,Tywenpe (C),1,376662588,Larapinta Drive,primary,169655.93,-2563837.02,NEW NODE
933,Tywenpe (C),2,376662588,Larapinta Drive,primary,171230.35,-2563424.81,NEW NODE
933,Tywenpe (C),3,448886137,,unclassified,169679.4,-2563855.47,NEW NODE
933,Tywenpe (C),4,1266217944,,track,169675.63,-2563852.67,NEW NODE
933,Tywenpe (C),5,448885372,,residential,170940,-2563834.57,NEW NODE
933,Tywenpe (C),6,1182599331,,unclassified,169597.85,-2563784.39,NEW NODE
933,Tywenpe (C),7,1248088754,,track,171259.41,-2563336.61,NEW NODE
933,Tywenpe (C),8,1266217945,,track,169782.81,-2563926.22,NEW NODE
933,Tywenpe (C),9,1266217945,,track,171203.13,-2563489.1,NEW NODE
933,Tywenpe (C),10,448647002,,unclassified,171291.29,-2562968.31,NEW NODE
933,Tywenpe (C),11,1486469776,,unclassified,171279.17,-2562886.62,NEW NODE
934,Tywenpe (D),1,1266217945,,track,168610.98,-2564351.47,NEW NODE
934,Tywenpe (D),2,460008793,,unclassified,168479.38,-2564371.02,NEW NODE
760,Ulambara,1,783468122,,track,-6887.33,-2508798.86,NEW NODE
760,Ulambara,2,143126491,,unclassified,-6912.17,-2510585.79,NEW NODE
760,Ulambara,3,143126491,,unclassified,-7253.5,-2508691.03,NEW NODE
760,Ulambara,4,777731426,,track_grade2,-8234.66,-2509227.74,NEW NODE
760,Ulambara,5,143126484,,unclassified,-7486.75,-2508697.5,NEW NODE
760,Ulambara,6,143126463,,track_grade4,-7688.82,-2508748.05,NEW NODE
162,Ulpanyali,1,93652317,,unclassified,-49279.67,-2616993.87,NEW NODE
162,Ulpanyali,2,1545739698,,unclassified,-49173.33,-2616675.42,NEW NODE
772,Ulpunda,1,33920888,Palm Valley Track,unclassified,77877.72,-2586398.12,NEW NODE
772,Ulpunda,2,227896710,Larapinta Drive,primary,78100.33,-2585421.65,NEW NODE
772,Ulpunda,3,93780622,,track,76758.72,-2584796.64,NEW NODE
772,Ulpunda,4,1068740878,Larapinta Drive,primary,76378.11,-2585078.13,NEW NODE
711,Undoolya Bore,1,321973983,,unclassified,214620.5,-2563870.58,NEW NODE
711,Undoolya Bore,2,884877420,,track,214611.05,-2563832.88,NEW NODE
711,Undoolya Bore,3,803493621,Ross Highway,secondary,214620.41,-2564312.68,NEW NODE
711,Undoolya Bore,4,803493621,Ross Highway,secondary,213908.58,-2565055.38,NEW NODE
711,Undoolya Bore,5,182885003,Binns Track,track,214098.49,-2564982.4,NEW NODE
908,Wakurlpu,1,484620382,Stuart Highway,trunk,230144.6,-2217349.91,NEW NODE
908,Wakurlpu,2,260732745,,track,230056.5,-2217389.1,NEW NODE
908,Wakurlpu,3,75521499,,service,230240.34,-2217295.33,NEW NODE
908,Wakurlpu,4,226561111,,service,230206.65,-2217315.52,NEW NODE
908,Wakurlpu,5,770265842,,track_grade3,230285.11,-2217263.64,NEW NODE
908,Wakurlpu,6,770265842,,track_grade3,230413.46,-2217152.49,NEW NODE
908,Wakurlpu,7,121502786,Stuart Highway,trunk,229877.44,-2215474.79,NEW NODE
908,Wakurlpu,8,260732749,,track,228829.89,-2215958.68,NEW NODE
178,Wanmarra,1,460910527,,unclassified,-19282.26,-2634972.64,NEW NODE
180,Warumpi,1,189318505,Warumpi Road,unclassified,-3429.22,-2499804.4,NEW NODE
180,Warumpi,2,189318555,,track,-2430.99,-2500385.3,NEW NODE
877,Wataru,1,187125445,Private Road,residential,-293118.91,-2690833.35,NEW NODE
877,Wataru,2,740132681,Tjukaruru Road,primary,-293089.97,-2690805.64,NEW NODE
877,Wataru,3,740132681,Tjukaruru Road,primary,-294743.41,-2690447.77,NEW NODE
877,Wataru,4,399509192,,track,-294409.33,-2689311.83,NEW NODE
952,Wiitin,1,794399115,,service,232915.21,-2095905.93,NEW NODE
952,Wiitin,2,777660554,,track_grade3,232914.24,-2095903.24,NEW NODE
952,Wiitin,3,320682478,,track,234753.93,-2095130.65,NEW NODE
432,Wilgi,1,645135715,,track_grade2,84085.3,-1210751.2,NEW NODE
432,Wilgi,2,460114484,,track,84528.28,-1210119.84,NEW NODE
275,Wollogorang,1,1073522132,Westmoreland Road,tertiary,638868.73,-1850121.59,NEW NODE
275,Wollogorang,2,206879316,,track,638759.87,-1849996.73,NEW NODE
275,Wollogorang,3,344919584,Wollogorang Road,tertiary,637412.45,-1849959.87,NEW NODE
707,Wunara,1,154686853,,service,481480.26,-2150785.46,NEW NODE
707,Wunara,2,794399113,Barkly Highway,trunk,480498.18,-2150791.67,NEW NODE
707,Wunara,3,794399113,Barkly Highway,trunk,481363.32,-2150729.91,NEW NODE
817,Wurlbu,1,174189789,Carpentaria Highway,primary,461201.14,-1718280.17,NEW NODE
817,Wurlbu,2,174189789,Carpentaria Highway,primary,460238.08,-1718242.77,NEW NODE
569,Yanungbi,1,47067247,Scout Camp Road,unclassified,516000.69,-1305047.05,NEW NODE
569,Yanungbi,2,47067247,Scout Camp Road,unclassified,515102.09,-1303754.13,NEW NODE
939,Yartalu Yartalu,1,320600156,,service,-169610.43,-2208457.17,NEW NODE
