Community_ID,Community,exit_number,road_name,fclass,osm_id,graph_node_x,graph_node_y,component_id_after_cut,component_size_after_cut,largest_outside_component_size,exit_status
202,Ali Curung,1,,unclassified,776439236,248377.69,-2259112.63,0,710714,710714,EXTERNAL_EXIT
202,Ali Curung,2,,tertiary,320750392,249103.03,-2259007.52,0,710714,710714,EXTERNAL_EXIT
202,Ali Curung,3,,unclassified,422803474,248034.08,-2258959.05,0,710714,710714,EXTERNAL_EXIT
202,Ali Curung,4,,secondary,226561078,247610.57,-2258066.41,0,710714,710714,EXTERNAL_EXIT
202,Ali Curung,5,,track_grade3,776436217,249574.86,-2258386.85,77,30,710714,LOCAL_OR_DEAD_END
202,Ali Curung,6,,track_grade2,776435809,249587.35,-2258336.99,77,30,710714,LOCAL_OR_DEAD_END
202,Ali Curung,7,,unclassified,745856602,247777.95,-2257581.48,85,26,710714,LOCAL_OR_DEAD_END
202,Ali Curung,8,,unclassified,776429711,248006.2,-2257342.43,128,10,710714,LOCAL_OR_DEAD_END
202,Ali Curung,9,,unclassified,776429711,248218.28,-2257219.35,128,10,710714,LOCAL_OR_DEAD_END
202,Ali Curung,10,,unclassified,776436718,249341.49,-2257463.58,0,710714,710714,EXTERNAL_EXIT
202,Ali Curung,11,,unclassified,770259789,248668.74,-2257143.44,0,710714,710714,EXTERNAL_EXIT
203,Alpurrurulam,1,Sandover Highway,secondary,174644417,603668,-2268458.78,0,710347,710347,EXTERNAL_EXIT
203,Alpurrurulam,2,Awerr Awerr Road,unclassified,193262421,603099.71,-2268089.82,0,710347,710347,EXTERNAL_EXIT
203,Alpurrurulam,3,,residential,193262436,602918.03,-2267277.67,0,710347,710347,EXTERNAL_EXIT
203,Alpurrurulam,4,,track,193262439,604830.08,-2267133.41,0,710347,710347,EXTERNAL_EXIT
203,Alpurrurulam,5,,track,193262439,603551.26,-2268423.75,0,710347,710347,EXTERNAL_EXIT
203,Alpurrurulam,6,,residential,44153673,602919.85,-2267270.39,0,710347,710347,EXTERNAL_EXIT
203,Alpurrurulam,7,,track,44153674,603119.44,-2266855.77,0,710347,710347,EXTERNAL_EXIT
203,Alpurrurulam,8,Sandover Highway,secondary,193262428,604890.2,-2267385.01,10,780,710347,LOCAL_OR_DEAD_END
203,Alpurrurulam,9,,residential,193262435,604159.07,-2266522.48,123,10,710347,LOCAL_OR_DEAD_END
622,Amanbidji,1,,track_grade2,547009820,-255742.61,-1751897.82,34,114,711021,LOCAL_OR_DEAD_END
622,Amanbidji,2,,unclassified,99875516,-255444.73,-1749965.39,0,711021,711021,EXTERNAL_EXIT
9,Amoonguna,1,,track,1246968057,195732.66,-2566789.42,152,5,711134,LOCAL_OR_DEAD_END
9,Amoonguna,2,,track_grade2,440537533,195746.82,-2565003.85,0,711134,711134,EXTERNAL_EXIT
9,Amoonguna,3,,track_grade2,440537533,194320.9,-2565656.8,0,711134,711134,EXTERNAL_EXIT
9,Amoonguna,4,Whitegum Drive,tertiary,202869850,195209.89,-2564897.29,0,711134,711134,EXTERNAL_EXIT
10,Ampilatwatja,1,Aherrenge Road,unclassified,320796762,331625.23,-2333757.65,0,711207,711207,EXTERNAL_EXIT
10,Ampilatwatja,2,,service,777913335,331334.93,-2331832.37,132,8,711207,LOCAL_OR_DEAD_END
147,Arawerr,1,,track,203344420,291826.9,-2372673.73,0,711258,711258,EXTERNAL_EXIT
147,Arawerr,2,,unclassified,203344391,290645.73,-2371162.94,0,711258,711258,EXTERNAL_EXIT
147,Arawerr,3,,unclassified,440436020,291507.92,-2370747.59,0,711258,711258,EXTERNAL_EXIT
20,Areyonga,1,Leo Kalleske Drive,tertiary,227775442,26347.04,-2599270.28,0,711024,711024,EXTERNAL_EXIT
20,Areyonga,2,Kurkunytjingi Road,track,1547209441,28228.89,-2599032.2,55,64,711024,LOCAL_OR_DEAD_END
42,Atitjere,1,,track,996622971,298937.63,-2480114.56,0,711025,711025,EXTERNAL_EXIT
42,Atitjere,2,Mica Road,unclassified,49026831,298195.44,-2479385.14,0,711025,711025,EXTERNAL_EXIT
42,Atitjere,3,,unclassified,440596299,297442.07,-2481206.72,0,711025,711025,EXTERNAL_EXIT
458,Baniyala,1,Port Bradshaw Road,tertiary,62278261,464468,-1401605.78,0,711209,711209,EXTERNAL_EXIT
580,Barunga,1,,track_grade4,441343435,95163.68,-1540311.9,124,10,711075,LOCAL_OR_DEAD_END
580,Barunga,2,,track_grade4,441343438,95358.63,-1539900.85,0,711075,711075,EXTERNAL_EXIT
580,Barunga,3,Central Arnhem Highway,trunk,370569896,93450.12,-1539328.87,0,711075,711075,EXTERNAL_EXIT
580,Barunga,4,Central Arnhem Highway,trunk,370583487,94888.48,-1538828.3,0,711075,711075,EXTERNAL_EXIT
294,Belyuen,1,Cox Peninsula Road,secondary,29199417,-144646.01,-1324003.93,0,709945,709945,EXTERNAL_EXIT
294,Belyuen,2,,track_grade3,441921716,-143927.93,-1324486.84,0,709945,709945,EXTERNAL_EXIT
294,Belyuen,3,,track_grade4,441921721,-144195.14,-1324409.07,0,709945,709945,EXTERNAL_EXIT
294,Belyuen,4,,track_grade5,441921735,-143384.06,-1324413.84,0,709945,709945,EXTERNAL_EXIT
294,Belyuen,5,,track_grade2,441921713,-144557.11,-1324133.28,0,709945,709945,EXTERNAL_EXIT
294,Belyuen,6,,track_grade3,441921707,-142937.36,-1322969.06,9,851,709945,LOCAL_OR_DEAD_END
294,Belyuen,7,,track_grade4,371477365,-144654.79,-1323007.49,17,323,709945,LOCAL_OR_DEAD_END
294,Belyuen,8,,track_grade3,441921708,-143115.31,-1322756.97,9,851,709945,LOCAL_OR_DEAD_END
294,Belyuen,9,Cox Peninsula Road,secondary,29199458,-143289.04,-1322630.92,9,851,709945,LOCAL_OR_DEAD_END
582,Binjari,1,,unclassified,327065304,20213.13,-1543184.15,0,711242,711242,EXTERNAL_EXIT
582,Binjari,2,,unclassified,327065304,19238.19,-1541442.07,122,10,711242,LOCAL_OR_DEAD_END
464,Birany Birany,1,,track_grade4,441160861,492961.88,-1361532.38,0,711243,711243,EXTERNAL_EXIT
586,Bulla,1,,track_grade3,331579438,-212404.18,-1677366.33,0,711010,711010,EXTERNAL_EXIT
586,Bulla,2,,track,475357697,-210418.95,-1677233.26,0,711010,711010,EXTERNAL_EXIT
586,Bulla,3,Janyima Road,unclassified,173590130,-212285.4,-1676713.99,0,711010,711010,EXTERNAL_EXIT
586,Bulla,4,,service,253919737,-212256.87,-1676666.39,0,711010,711010,EXTERNAL_EXIT
586,Bulla,5,,service,253919737,-212245.92,-1676649.18,0,711010,711010,EXTERNAL_EXIT
586,Bulla,6,,track_grade4,331584995,-210926.37,-1676339.29,0,711010,711010,EXTERNAL_EXIT
587,Bulman,1,Central Arnhem Highway,trunk,440865218,255007.21,-1447250.06,0,710892,710892,EXTERNAL_EXIT
587,Bulman,2,,unclassified,442894491,256484.67,-1448582.93,98,19,710892,LOCAL_OR_DEAD_END
587,Bulman,3,,track_grade3,440865227,256549.51,-1448516.83,18,256,710892,LOCAL_OR_DEAD_END
587,Bulman,4,,track_grade3,440865226,256551.69,-1448514.42,126,10,710892,LOCAL_OR_DEAD_END
587,Bulman,5,Old Runway,track,440865225,256590.59,-1448468.47,126,10,710892,LOCAL_OR_DEAD_END
587,Bulman,6,Central Arnhem Highway,trunk,914602884,256797.96,-1447965.04,0,710892,710892,EXTERNAL_EXIT
219,Canteen Creek,1,,service,320734782,370568.5,-2221205.76,158,4,711186,LOCAL_OR_DEAD_END
219,Canteen Creek,2,,track,712538330,372253.93,-2220383.05,100,18,711186,LOCAL_OR_DEAD_END
219,Canteen Creek,3,Canteen Creek Road,unclassified,311344346,370569.95,-2220994.65,0,711186,711186,EXTERNAL_EXIT
591,Daguragu,1,,track,395935213,-126936.26,-1855525.01,0,711115,711115,EXTERNAL_EXIT
591,Daguragu,2,,unclassified,444577914,-127767.38,-1857303.57,0,711115,711115,EXTERNAL_EXIT
591,Daguragu,3,,unclassified,770376732,-126185.4,-1856468.87,0,711115,711115,EXTERNAL_EXIT
473,Dhalinybuy,1,,track_grade3,475277591,485988.31,-1318343.05,163,3,710993,LOCAL_OR_DEAD_END
473,Dhalinybuy,2,,track_grade3,475277594,486369.37,-1316706.33,26,168,710993,LOCAL_OR_DEAD_END
473,Dhalinybuy,3,Dhalinybuy Road,unclassified,444830833,486638.42,-1317243.21,0,710993,710993,EXTERNAL_EXIT
33,Engawala,1,,unclassified,1389719837,249563.41,-2458040.52,177,2,711135,LOCAL_OR_DEAD_END
33,Engawala,2,Pastoral Road,unclassified,1389719838,249299.99,-2459908.75,0,711135,711135,EXTERNAL_EXIT
33,Engawala,3,Cemetery Drive,track_grade2,446798746,249734.37,-2460019.88,0,711135,711135,EXTERNAL_EXIT
33,Engawala,4,Engawala Access,unclassified,1389719835,250594.16,-2459571.02,0,711135,711135,EXTERNAL_EXIT
36,Finke,1,,track_grade3,476916728,255579.47,-2769408.05,0,711136,711136,EXTERNAL_EXIT
36,Finke,2,Old Ghan Heritage Trail,track,1201085700,255633.57,-2769386.07,0,711136,711136,EXTERNAL_EXIT
36,Finke,3,,track,222316945,255245.86,-2769649.28,0,711136,711136,EXTERNAL_EXIT
36,Finke,4,Finke Road,tertiary,93976612,255618.77,-2771250.98,0,711136,711136,EXTERNAL_EXIT
36,Finke,5,,service,1201022886,256302.75,-2771268.25,174,2,711136,LOCAL_OR_DEAD_END
36,Finke,6,,tertiary,354811812,256142.77,-2771307.48,0,711136,711136,EXTERNAL_EXIT
498,Gan Gan,1,,track_grade5,447666816,433899.08,-1385573.14,68,45,711117,LOCAL_OR_DEAD_END
498,Gan Gan,2,,track_grade4,447666813,434471.91,-1383696.33,89,23,711117,LOCAL_OR_DEAD_END
498,Gan Gan,3,,unclassified,174685400,434956.38,-1383882.42,0,711117,711117,EXTERNAL_EXIT
500,Gapuwiyak,1,Gapuwiyak Road,tertiary,207544306,421632.6,-1325938.92,0,709587,709587,EXTERNAL_EXIT
500,Gapuwiyak,2,,track,1220373073,421513.49,-1326030.26,0,709587,709587,EXTERNAL_EXIT
500,Gapuwiyak,3,Rubbish Dump,service,776466755,421967.18,-1325243.89,41,96,709587,LOCAL_OR_DEAD_END
500,Gapuwiyak,4,,track,1220373109,421630.61,-1324442.68,51,71,709587,LOCAL_OR_DEAD_END
500,Gapuwiyak,5,,track,1220373107,421457.02,-1324319.29,51,71,709587,LOCAL_OR_DEAD_END
500,Gapuwiyak,6,Barge Landing Road,tertiary,1335603143,420233.41,-1324516.84,7,1333,709587,LOCAL_OR_DEAD_END
319,Gochan Jiny Jirra,1,,track,213565376,271512.85,-1288293.1,0,711271,711271,EXTERNAL_EXIT
319,Gochan Jiny Jirra,2,,track,213565347,273150.92,-1287776.45,167,2,711271,LOCAL_OR_DEAD_END
319,Gochan Jiny Jirra,3,,track,213565365,271834.54,-1287763.09,0,711271,711271,EXTERNAL_EXIT
329,Gunbalanya,1,Jabiru Oenpelli Road,tertiary,198378953,116038.56,-1300259.43,0,710904,710904,EXTERNAL_EXIT
329,Gunbalanya,2,,tertiary,241565361,116762,-1300905.33,0,710904,710904,EXTERNAL_EXIT
329,Gunbalanya,3,,unclassified,241565372,116275.24,-1300638.36,0,710904,710904,EXTERNAL_EXIT
329,Gunbalanya,4,,unclassified,1396715418,116008,-1300153.88,153,5,710904,LOCAL_OR_DEAD_END
329,Gunbalanya,5,,unclassified,1396715417,115994.68,-1300083.43,153,5,710904,LOCAL_OR_DEAD_END
514,Gunyangara,1,,track,1220020076,521285.29,-1298207.98,34,111,710821,LOCAL_OR_DEAD_END
514,Gunyangara,2,Dhabuynga Road,living_street,446277111,520881.87,-1297947.24,154,5,710821,LOCAL_OR_DEAD_END
514,Gunyangara,3,,track_grade1,446277097,521993.81,-1296340,0,710821,710821,EXTERNAL_EXIT
514,Gunyangara,4,Drimmie Head Road,tertiary,253529575,521960.29,-1296327.88,0,710821,710821,EXTERNAL_EXIT
514,Gunyangara,5,Drimmie Head Road,tertiary,253529575,521139.47,-1298145.68,34,111,710821,LOCAL_OR_DEAD_END
514,Gunyangara,6,,track,1220020058,521076.98,-1296418.41,83,27,710821,LOCAL_OR_DEAD_END
517,Gurrumuru,1,,unclassified,62278260,468410.55,-1337078.73,0,711107,711107,EXTERNAL_EXIT
517,Gurrumuru,2,,track,447980463,467150.22,-1335533.71,138,7,711107,LOCAL_OR_DEAD_END
517,Gurrumuru,3,,track_grade5,447980467,468617.37,-1335881.62,104,16,711107,LOCAL_OR_DEAD_END
517,Gurrumuru,4,,track_grade5,447980466,468652.87,-1335956.67,48,76,711107,LOCAL_OR_DEAD_END
41,Haasts Bluff,1,,unclassified,143126469,-12591.78,-2529537.04,0,711128,711128,EXTERNAL_EXIT
41,Haasts Bluff,2,,unclassified,215310464,-12685.77,-2529460.26,0,711128,711128,EXTERNAL_EXIT
41,Haasts Bluff,3,,service,456153323,-11903.14,-2529720.31,0,711128,711128,EXTERNAL_EXIT
41,Haasts Bluff,4,,service,777721201,-12243.42,-2529696.98,0,711128,711128,EXTERNAL_EXIT
41,Haasts Bluff,5,,track,215310440,-12852.96,-2529259.92,0,711128,711128,EXTERNAL_EXIT
41,Haasts Bluff,6,,tertiary,806407609,-11011.63,-2528792.19,0,711128,711128,EXTERNAL_EXIT
41,Haasts Bluff,7,,track,143126485,-11164.1,-2528192.03,101,18,711128,LOCAL_OR_DEAD_END
43,Hermannsburg,1,Finke Four Wheel Drive Route,unclassified,93638831,79358,-2584773.37,0,710753,710753,EXTERNAL_EXIT
43,Hermannsburg,2,,unclassified,1223940725,78962.5,-2585241.18,0,710753,710753,EXTERNAL_EXIT
43,Hermannsburg,3,Larapinta Drive,primary,227896715,78196.27,-2585364.55,0,710753,710753,EXTERNAL_EXIT
43,Hermannsburg,4,Larapinta Drive,primary,227896707,79421.49,-2584251.83,0,710753,710753,EXTERNAL_EXIT
43,Hermannsburg,5,,track,1223940779,77476.37,-2584102.68,146,6,710753,LOCAL_OR_DEAD_END
43,Hermannsburg,6,,service,467409355,77729.41,-2583683.76,59,52,710753,LOCAL_OR_DEAD_END
43,Hermannsburg,7,,service,467409355,77664.44,-2583754.73,59,52,710753,LOCAL_OR_DEAD_END
43,Hermannsburg,8,,track_grade2,777680340,79208.96,-2583763.9,0,710753,710753,EXTERNAL_EXIT
43,Hermannsburg,9,,track,1223940709,78512.53,-2583398.07,0,710753,710753,EXTERNAL_EXIT
43,Hermannsburg,10,,track,1223940706,78028.28,-2583480.65,59,52,710753,LOCAL_OR_DEAD_END
43,Hermannsburg,11,,track,1223940753,78010.99,-2583488.83,59,52,710753,LOCAL_OR_DEAD_END
43,Hermannsburg,12,,track,93783958,77484.28,-2584080.58,0,710753,710753,EXTERNAL_EXIT
600,Hodgson River Station,1,,track_grade3,448299769,226277.16,-1655561.12,86,25,711213,LOCAL_OR_DEAD_END
600,Hodgson River Station,2,Hodgson River Road,unclassified,224736956,225890.26,-1655650.76,0,711213,711213,EXTERNAL_EXIT
600,Hodgson River Station,3,Hodgson River Road,unclassified,224736956,225871.19,-1657459.79,0,711213,711213,EXTERNAL_EXIT
250,Imangara,1,,residential,320800560,276816.94,-2264860.85,0,711187,711187,EXTERNAL_EXIT
250,Imangara,2,,residential,320800559,276368.81,-2264752.78,0,711187,711187,EXTERNAL_EXIT
250,Imangara,3,,track,422803467,277747.03,-2264232.9,0,711187,711187,EXTERNAL_EXIT
250,Imangara,4,,track,422803467,277010.87,-2262879.66,0,711187,711187,EXTERNAL_EXIT
250,Imangara,5,,track,422803467,276858.06,-2262862.87,0,711187,711187,EXTERNAL_EXIT
250,Imangara,6,,unclassified,422803468,275975.16,-2263326.54,0,711187,711187,EXTERNAL_EXIT
51,Imanpa,1,Imanpa Road,unclassified,208044803,56998.51,-2718305.45,0,710966,710966,EXTERNAL_EXIT
51,Imanpa,2,,track_grade3,208044501,56794.03,-2718321.4,0,710966,710966,EXTERNAL_EXIT
51,Imanpa,3,,track_grade4,474805901,57698.21,-2716848.95,139,7,710966,LOCAL_OR_DEAD_END
51,Imanpa,4,Gully Road,track_grade3,1367268133,56635.04,-2716339.92,30,135,710966,LOCAL_OR_DEAD_END
51,Imanpa,5,Waterhole Road,track,745928307,56879.03,-2716325.58,30,135,710966,LOCAL_OR_DEAD_END
51,Imanpa,6,Gully Road,track_grade3,1367268135,56430.4,-2716400.82,30,135,710966,LOCAL_OR_DEAD_END
51,Imanpa,7,Waterhole Road,track,1367268130,56875.52,-2716325.41,30,135,710966,LOCAL_OR_DEAD_END
51,Imanpa,8,Bore Access,track_grade3,208044818,56403.66,-2716413.47,73,34,710966,LOCAL_OR_DEAD_END
63,Irrultja,1,,track_grade5,458467572,318500.13,-2369593.96,0,711154,711154,EXTERNAL_EXIT
63,Irrultja,2,Binns Track,unclassified,446453437,318930.62,-2367642.91,0,711154,711154,EXTERNAL_EXIT
63,Irrultja,3,,track_grade3,776436286,319653.92,-2368879.41,0,711154,711154,EXTERNAL_EXIT
63,Irrultja,4,,unclassified,322007963,318580.81,-2367619.2,0,711154,711154,EXTERNAL_EXIT
593,Jilkminggan,1,,tertiary,1545407520,141693.78,-1587944.46,0,710784,710784,EXTERNAL_EXIT
593,Jilkminggan,2,,unclassified,769940403,141714.96,-1587928.75,57,62,710784,LOCAL_OR_DEAD_END
593,Jilkminggan,3,,unclassified,422688295,140093.88,-1587081.31,34,122,710784,LOCAL_OR_DEAD_END
593,Jilkminggan,4,,track_grade3,422688289,140357.18,-1586470.22,71,42,710784,LOCAL_OR_DEAD_END
603,Kalkarindji,1,,unclassified,769267652,-124953.08,-1862269.23,0,710864,710864,EXTERNAL_EXIT
603,Kalkarindji,2,,unclassified,769267652,-125238.62,-1861499.16,87,25,710864,LOCAL_OR_DEAD_END
603,Kalkarindji,3,,unclassified,769267652,-125144.33,-1861138.48,87,25,710864,LOCAL_OR_DEAD_END
603,Kalkarindji,4,,unclassified,29132372,-124710.58,-1860683.35,0,710864,710864,EXTERNAL_EXIT
603,Kalkarindji,5,,unclassified,769278587,-123338.12,-1861141.46,78,29,710864,LOCAL_OR_DEAD_END
603,Kalkarindji,6,Buntine Highway,primary,188724855,-123253.78,-1861712.01,0,710864,710864,EXTERNAL_EXIT
603,Kalkarindji,7,Buntine Highway,primary,732316155,-124690.16,-1862459.45,0,710864,710864,EXTERNAL_EXIT
66,Kaltukatjara,1,,track_grade2,187125785,-290791.43,-2692155.59,0,710728,710728,EXTERNAL_EXIT
66,Kaltukatjara,2,,track,187125450,-292598.37,-2692600.65,44,86,710728,LOCAL_OR_DEAD_END
66,Kaltukatjara,3,,track,359222813,-291723.95,-2693022.17,182,1,710728,LOCAL_OR_DEAD_END
66,Kaltukatjara,4,,track,359222826,-291063.98,-2692720.31,0,710728,710728,EXTERNAL_EXIT
66,Kaltukatjara,5,,track,359222808,-292329.74,-2692861.04,98,19,710728,LOCAL_OR_DEAD_END
66,Kaltukatjara,6,,track,359222838,-292594.38,-2692606.03,44,86,710728,LOCAL_OR_DEAD_END
66,Kaltukatjara,7,,track,778212153,-290786.8,-2692124.33,0,710728,710728,EXTERNAL_EXIT
66,Kaltukatjara,8,,residential,40613649,-290974.4,-2691436.97,0,710728,710728,EXTERNAL_EXIT
66,Kaltukatjara,9,,track,187125465,-290824.12,-2691737.6,0,710728,710728,EXTERNAL_EXIT
66,Kaltukatjara,10,,track,359222806,-290853.06,-2691655.86,0,710728,710728,EXTERNAL_EXIT
66,Kaltukatjara,11,,residential,740132682,-292691.08,-2691611.48,0,710728,710728,EXTERNAL_EXIT
66,Kaltukatjara,12,,residential,187125462,-290931.38,-2691501.03,0,710728,710728,EXTERNAL_EXIT
66,Kaltukatjara,13,Docker River Community Access Road,residential,186986103,-291898.7,-2691032.62,0,710728,710728,EXTERNAL_EXIT
66,Kaltukatjara,14,,track,778212352,-291243.84,-2691182.97,0,710728,710728,EXTERNAL_EXIT
66,Kaltukatjara,15,,track,399509194,-292595.02,-2691444.85,0,710728,710728,EXTERNAL_EXIT
72,Kintore,1,,track,399723293,-264164.98,-2513112.39,0,711099,711099,EXTERNAL_EXIT
72,Kintore,2,,residential,189340138,-264152.03,-2513104.62,0,711099,711099,EXTERNAL_EXIT
72,Kintore,3,Ngutjul Road,unclassified,185819811,-263992.48,-2512983.73,0,711099,711099,EXTERNAL_EXIT
72,Kintore,4,,residential,189336567,-264824.93,-2511265.07,0,711099,711099,EXTERNAL_EXIT
72,Kintore,5,Tjunarriti Road,unclassified,189336566,-265499.39,-2511690.26,0,711099,711099,EXTERNAL_EXIT
72,Kintore,6,Kintore Road,tertiary,185819813,-264349.86,-2511306.89,0,711099,711099,EXTERNAL_EXIT
608,Kybrook Farm,1,Umbrawarra Road,unclassified,29251852,-20401.1,-1467547.24,0,711201,711201,EXTERNAL_EXIT
608,Kybrook Farm,2,Umbrawarra Road,unclassified,29251852,-19624.94,-1466148.98,0,711201,711201,EXTERNAL_EXIT
608,Kybrook Farm,3,Kybrook Farm Access Road,unclassified,591367295,-18715.23,-1466505.91,0,711201,711201,EXTERNAL_EXIT
609,Lajamanu,1,Lajamanu-Warrego Road,unclassified,188702780,-143018.36,-1960753.33,0,711060,711060,EXTERNAL_EXIT
609,Lajamanu,2,,unclassified,777980384,-144649.13,-1959602.06,0,711060,711060,EXTERNAL_EXIT
609,Lajamanu,3,,unclassified,188702781,-144696.6,-1959684.47,0,711060,711060,EXTERNAL_EXIT
609,Lajamanu,4,,residential,188702788,-143769.8,-1959142.54,79,28,711060,LOCAL_OR_DEAD_END
609,Lajamanu,5,Lajamanu Road,tertiary,49047815,-144805.35,-1960096.96,0,711060,711060,EXTERNAL_EXIT
609,Lajamanu,6,Lajamanu Road,tertiary,49047815,-144211.82,-1959227.04,0,711060,711060,EXTERNAL_EXIT
86,Laramba,1,Tillmouth Well-Napperby,track,1388496423,76100.13,-2426904.61,0,711099,711099,EXTERNAL_EXIT
86,Laramba,2,Rubbish Dump Access,track,1388496424,77330.18,-2427687.98,153,5,711099,LOCAL_OR_DEAD_END
86,Laramba,3,Laramba Road,unclassified,745748293,78043.97,-2426992.69,0,711099,711099,EXTERNAL_EXIT
86,Laramba,4,,unclassified,1388496427,78058.62,-2426934.19,0,711099,711099,EXTERNAL_EXIT
86,Laramba,5,Napperby,track,99019376,77250.84,-2425735.6,0,711099,711099,EXTERNAL_EXIT
86,Laramba,6,Napperby,unclassified,776156039,76463.62,-2425935.87,0,711099,711099,EXTERNAL_EXIT
86,Laramba,7,Napperby,service,776155364,77635.87,-2425887.55,0,711099,711099,EXTERNAL_EXIT
721,Likkaparta,1,,unclassified,451050843,265749.1,-2074761.81,0,711251,711251,EXTERNAL_EXIT
721,Likkaparta,2,,track_grade5,143376179,265820.06,-2072765.3,114,12,711251,LOCAL_OR_DEAD_END
362,Maningrida,1,,track,213563144,246150.36,-1272668.68,0,710684,710684,EXTERNAL_EXIT
362,Maningrida,2,,track,213563069,247833.72,-1271892.92,181,1,710684,LOCAL_OR_DEAD_END
362,Maningrida,3,,track,213563069,247835.76,-1271950.1,0,710684,710684,EXTERNAL_EXIT
362,Maningrida,4,,track,213563069,247836.14,-1271942.17,0,710684,710684,EXTERNAL_EXIT
362,Maningrida,5,,track,213563087,246015.24,-1272512.06,59,52,710684,LOCAL_OR_DEAD_END
362,Maningrida,6,,residential,449880188,247718.84,-1272412.01,0,710684,710684,EXTERNAL_EXIT
362,Maningrida,7,,residential,213563109,247657.05,-1272512.05,0,710684,710684,EXTERNAL_EXIT
362,Maningrida,8,,residential,213563066,245941.12,-1272385.93,59,52,710684,LOCAL_OR_DEAD_END
362,Maningrida,9,,residential,213563063,247700.27,-1272443.33,0,710684,710684,EXTERNAL_EXIT
362,Maningrida,10,,residential,1266055744,247834.79,-1271969.86,0,710684,710684,EXTERNAL_EXIT
362,Maningrida,11,,track,1266055750,247835.42,-1271927.51,0,710684,710684,EXTERNAL_EXIT
362,Maningrida,12,,track,1274749461,247823.37,-1271790.56,0,710684,710684,EXTERNAL_EXIT
362,Maningrida,13,,track,1266055751,247233.31,-1271025.21,153,5,710684,LOCAL_OR_DEAD_END
362,Maningrida,14,,track,1266055751,247267.13,-1271041.21,153,5,710684,LOCAL_OR_DEAD_END
362,Maningrida,15,,track,1266055748,247313.14,-1271063.68,0,710684,710684,EXTERNAL_EXIT
362,Maningrida,16,,track,213563106,247278.11,-1271046.4,0,710684,710684,EXTERNAL_EXIT
363,Manmoyi,1,,unclassified,355352500,234080.71,-1325592.55,0,710903,710903,EXTERNAL_EXIT
363,Manmoyi,2,,unclassified,355352500,232476.89,-1325407.82,15,329,710903,LOCAL_OR_DEAD_END
595,Manyallaluk,1,,track,478476929,91324.38,-1511731.5,159,4,710217,LOCAL_OR_DEAD_END
595,Manyallaluk,2,,unclassified,203879214,90719.98,-1512443.14,0,710217,710217,EXTERNAL_EXIT
595,Manyallaluk,3,,track,449638359,90371.44,-1510516.21,10,765,710217,LOCAL_OR_DEAD_END
595,Manyallaluk,4,,track,475485701,91330.56,-1511704.51,159,4,710217,LOCAL_OR_DEAD_END
524,Mapuru,1,,track_grade3,453738208,381962.37,-1297140.71,32,125,710955,LOCAL_OR_DEAD_END
524,Mapuru,2,,unclassified,447694295,381952.35,-1296586.44,0,710955,710955,EXTERNAL_EXIT
524,Mapuru,3,,track_grade4,453709251,380623.25,-1295955.45,35,111,710955,LOCAL_OR_DEAD_END
252,Marlinja,1,,track,94231357,149332.92,-1854459.5,6,1717,709023,LOCAL_OR_DEAD_END
252,Marlinja,2,,track,94231357,149921.43,-1854280.66,84,27,709023,LOCAL_OR_DEAD_END
252,Marlinja,3,,unclassified,33723700,150143.86,-1854067.69,152,5,709023,LOCAL_OR_DEAD_END
252,Marlinja,4,,unclassified,33723700,150117.44,-1854101.77,152,5,709023,LOCAL_OR_DEAD_END
252,Marlinja,5,,unclassified,33723700,149977.29,-1854239.22,84,27,709023,LOCAL_OR_DEAD_END
252,Marlinja,6,Newcastle Waters Road,unclassified,453730269,150334.67,-1853634.43,0,709023,709023,EXTERNAL_EXIT
252,Marlinja,7,,unclassified,777690116,148803.82,-1852623.74,18,290,709023,LOCAL_OR_DEAD_END
624,Minyerri,1,Hodgson River Road,unclassified,224736956,225547.09,-1616735.01,0,711192,711192,EXTERNAL_EXIT
624,Minyerri,2,Hodgson River Road,unclassified,224736956,224596.44,-1618186.06,0,711192,711192,EXTERNAL_EXIT
624,Minyerri,3,,service,327344852,224491.56,-1617831.15,135,7,711192,LOCAL_OR_DEAD_END
112,Mount Liebig,1,,track,399080181,-74147.47,-2509510.93,12,541,710490,LOCAL_OR_DEAD_END
112,Mount Liebig,2,,track,143122348,-73936.9,-2509605.89,123,10,710490,LOCAL_OR_DEAD_END
112,Mount Liebig,3,,unclassified,769662021,-72944.17,-2509372.24,134,8,710490,LOCAL_OR_DEAD_END
112,Mount Liebig,4,,unclassified,143120750,-74619.17,-2508465.51,0,710490,710490,EXTERNAL_EXIT
112,Mount Liebig,5,,unclassified,189326475,-73194.58,-2507756.79,0,710490,710490,EXTERNAL_EXIT
112,Mount Liebig,6,,unclassified,189327444,-74607.1,-2508413.94,0,710490,710490,EXTERNAL_EXIT
112,Mount Liebig,7,Wattyawanu Road,unclassified,189326465,-73216.96,-2507746.2,0,710490,710490,EXTERNAL_EXIT
112,Mount Liebig,8,,track,143122358,-72861.85,-2508021.04,0,710490,710490,EXTERNAL_EXIT
112,Mount Liebig,9,,track,215311922,-74287.38,-2509411,0,710490,710490,EXTERNAL_EXIT
244,Mungkarta,1,,track_grade3,770268090,227751.35,-2184357.9,12,449,710777,LOCAL_OR_DEAD_END
244,Mungkarta,2,,residential,226561044,229237.18,-2183098.73,0,710777,710777,EXTERNAL_EXIT
120,Mutitjulu,1,,unclassified,777678482,-92491.49,-2743324.23,0,710785,710785,EXTERNAL_EXIT
120,Mutitjulu,2,,track,32641778,-93193.49,-2743330.24,0,710785,710785,EXTERNAL_EXIT
120,Mutitjulu,3,,track,32641724,-93596.15,-2743057.04,0,710785,710785,EXTERNAL_EXIT
120,Mutitjulu,4,,track,32641695,-93531.25,-2743123.37,0,710785,710785,EXTERNAL_EXIT
120,Mutitjulu,5,,track,205190634,-93824.4,-2742616.18,0,710785,710785,EXTERNAL_EXIT
120,Mutitjulu,6,,track,32641828,-91965.01,-2741928.99,0,710785,710785,EXTERNAL_EXIT
120,Mutitjulu,7,,unclassified,32640323,-92181.44,-2741650.78,70,43,710785,LOCAL_OR_DEAD_END
120,Mutitjulu,8,,unclassified,32641521,-93370.31,-2741538.88,0,710785,710785,EXTERNAL_EXIT
120,Mutitjulu,9,,track,32640345,-92343.24,-2741531.83,29,137,710785,LOCAL_OR_DEAD_END
397,Nauiyu,1,Twin Peaks Road,unclassified,400814175,-144294.99,-1456317.07,0,710982,710982,EXTERNAL_EXIT
397,Nauiyu,2,,track,777685739,-142691.45,-1455866.99,130,9,710982,LOCAL_OR_DEAD_END
397,Nauiyu,3,Nauiyu Road,unclassified,30128628,-142671.01,-1455792.38,0,710982,710982,EXTERNAL_EXIT
397,Nauiyu,4,Mango Farm Road,unclassified,175961401,-144136.34,-1454691.9,153,5,710982,LOCAL_OR_DEAD_END
397,Nauiyu,5,,unclassified,777674845,-144539.21,-1455120.16,116,12,710982,LOCAL_OR_DEAD_END
397,Nauiyu,6,,track,777675655,-142967.87,-1454823.92,135,8,710982,LOCAL_OR_DEAD_END
397,Nauiyu,7,Twin Peaks Road,unclassified,98871796,-144522.77,-1456034.67,31,129,710982,LOCAL_OR_DEAD_END
542,Ngangalala,1,,unclassified,447678284,330550.92,-1300276.43,0,711263,711263,EXTERNAL_EXIT
542,Ngangalala,2,,track_grade3,776250757,331080.01,-1299643.97,0,711263,711263,EXTERNAL_EXIT
404,Nganmarriyanga,1,,service,777663982,-230754.54,-1523242.79,0,706293,706293,EXTERNAL_EXIT
404,Nganmarriyanga,2,,service,777663981,-230620.31,-1523138.76,0,706293,706293,EXTERNAL_EXIT
404,Nganmarriyanga,3,Palumpa Access Road,unclassified,323254511,-230600.89,-1523121.17,0,706293,706293,EXTERNAL_EXIT
404,Nganmarriyanga,4,Airstrip Road,unclassified,320164572,-232244.18,-1522090.43,4,4407,706293,LOCAL_OR_DEAD_END
404,Nganmarriyanga,5,,track_grade3,777673205,-232157.8,-1521899.03,4,4407,706293,LOCAL_OR_DEAD_END
404,Nganmarriyanga,6,,track_grade2,777646912,-230936.9,-1521469.53,29,144,706293,LOCAL_OR_DEAD_END
404,Nganmarriyanga,7,,track_grade3,777646907,-231300.56,-1521402.5,29,144,706293,LOCAL_OR_DEAD_END
404,Nganmarriyanga,8,,track_grade3,777673202,-231903.28,-1521609.89,4,4407,706293,LOCAL_OR_DEAD_END
404,Nganmarriyanga,9,Port Keats Road,secondary,467427001,-232201.64,-1522821.22,4,4407,706293,LOCAL_OR_DEAD_END
404,Nganmarriyanga,10,Port Keats Road,secondary,467427001,-230855.87,-1523299.43,0,706293,706293,EXTERNAL_EXIT
633,Ngukurr,1,,track,445293778,296187,-1565892.64,0,710166,710166,EXTERNAL_EXIT
633,Ngukurr,2,,track,295004955,297991.36,-1565570.09,181,1,710166,LOCAL_OR_DEAD_END
633,Ngukurr,3,,unclassified,295004950,297973.3,-1565638.3,0,710166,710166,EXTERNAL_EXIT
633,Ngukurr,4,,unclassified,295004950,297982.31,-1565071.71,0,710166,710166,EXTERNAL_EXIT
633,Ngukurr,5,,track,445293775,296093.75,-1564961.79,0,710166,710166,EXTERNAL_EXIT
633,Ngukurr,6,,primary,914040365,297500.01,-1564462.44,0,710166,710166,EXTERNAL_EXIT
633,Ngukurr,7,,track,445293771,297269.86,-1564371.99,98,19,710166,LOCAL_OR_DEAD_END
633,Ngukurr,8,Nulawan Access Road,unclassified,29221574,297577.03,-1566169.05,10,753,710166,LOCAL_OR_DEAD_END
639,Nitjpurru,1,,track_grade2,778188675,-83079.79,-1792358.92,34,120,711044,LOCAL_OR_DEAD_END
639,Nitjpurru,2,,residential,368610503,-83470.84,-1790406.77,0,711044,711044,EXTERNAL_EXIT
639,Nitjpurru,3,,track_grade3,778186578,-84238.99,-1791886.99,0,711044,711044,EXTERNAL_EXIT
127,Nturiya,1,,track,456568749,128812.37,-2382194.09,70,42,710616,LOCAL_OR_DEAD_END
127,Nturiya,2,,unclassified,321690643,128623.64,-2380876.45,11,556,710616,LOCAL_OR_DEAD_END
127,Nturiya,3,Nturiya Road,unclassified,215104253,130163.37,-2382137.08,0,710616,710616,EXTERNAL_EXIT
549,Numbulwar,1,,unclassified,301175590,407107.6,-1518356.98,0,711149,711149,EXTERNAL_EXIT
549,Numbulwar,2,,unclassified,456580828,407326.57,-1517923.11,0,711149,711149,EXTERNAL_EXIT
549,Numbulwar,3,,unclassified,301175594,408439.65,-1517643.73,0,711149,711149,EXTERNAL_EXIT
549,Numbulwar,4,Numbulwar Road,primary,948034278,407149.11,-1518933.51,0,711149,711149,EXTERNAL_EXIT
128,Nyirripi,1,,unclassified,94066175,-146363.92,-2440532.66,0,710237,710237,EXTERNAL_EXIT
128,Nyirripi,2,,unclassified,590569084,-147442.33,-2441455.51,11,589,710237,LOCAL_OR_DEAD_END
128,Nyirripi,3,,track,399077089,-147402.62,-2441457.46,182,1,710237,LOCAL_OR_DEAD_END
128,Nyirripi,4,,unclassified,909227666,-147334.36,-2441458.27,11,589,710237,LOCAL_OR_DEAD_END
128,Nyirripi,5,,track,399077092,-148185.26,-2441023.93,160,4,710237,LOCAL_OR_DEAD_END
128,Nyirripi,6,,track,591037306,-148323.45,-2440725.16,76,31,710237,LOCAL_OR_DEAD_END
128,Nyirripi,7,,unclassified,94069939,-148325.64,-2440202.68,0,710237,710237,EXTERNAL_EXIT
128,Nyirripi,8,,track,399077117,-146471.14,-2440003.52,0,710237,710237,EXTERNAL_EXIT
128,Nyirripi,9,,unclassified,103324072,-146461.06,-2440024.82,0,710237,710237,EXTERNAL_EXIT
128,Nyirripi,10,,unclassified,590569046,-148124.91,-2439815.84,0,710237,710237,EXTERNAL_EXIT
128,Nyirripi,11,,track,399077101,-146599.03,-2439812.23,0,710237,710237,EXTERNAL_EXIT
128,Nyirripi,12,,track,399077104,-147363.15,-2439459.68,0,710237,710237,EXTERNAL_EXIT
128,Nyirripi,13,,track,591037333,-146915.99,-2439564.82,0,710237,710237,EXTERNAL_EXIT
128,Nyirripi,14,Emu Bore Road,unclassified,94092108,-148323.43,-2440193.86,0,710237,710237,EXTERNAL_EXIT
26,Orrtipa-Thurra,1,Bonya Road,unclassified,193289870,423971.53,-2462526.31,0,711085,711085,EXTERNAL_EXIT
26,Orrtipa-Thurra,2,,residential,193289902,423035.22,-2461802.18,143,6,711085,LOCAL_OR_DEAD_END
26,Orrtipa-Thurra,3,,residential,193289902,422998.04,-2461567.68,143,6,711085,LOCAL_OR_DEAD_END
26,Orrtipa-Thurra,4,,residential,193289902,423612.57,-2462451.01,0,711085,711085,EXTERNAL_EXIT
26,Orrtipa-Thurra,5,,track,193289905,423569.77,-2460624.27,75,31,711085,LOCAL_OR_DEAD_END
131,Papunya,1,Gary Junction Road,tertiary,189318493,-9996.75,-2501233.43,0,710460,710460,EXTERNAL_EXIT
131,Papunya,2,,unclassified,143126491,-8437.71,-2502218.8,0,710460,710460,EXTERNAL_EXIT
131,Papunya,3,,track,189318540,-8729.82,-2502360.14,123,10,710460,LOCAL_OR_DEAD_END
131,Papunya,4,,track,189318540,-9104.45,-2502396.6,123,10,710460,LOCAL_OR_DEAD_END
131,Papunya,5,,track,189318547,-9761.36,-2502061.53,0,710460,710460,EXTERNAL_EXIT
131,Papunya,6,,track,189318556,-9517.71,-2502262.44,0,710460,710460,EXTERNAL_EXIT
131,Papunya,7,,track,189318549,-8020.11,-2501521.99,0,710460,710460,EXTERNAL_EXIT
131,Papunya,8,,unclassified,143126493,-9310.24,-2502355.2,0,710460,710460,EXTERNAL_EXIT
131,Papunya,9,,track_grade3,777916311,-8668.44,-2502339.06,0,710460,710460,EXTERNAL_EXIT
131,Papunya,10,Gary Junction Road,tertiary,189318492,-8389.76,-2502183.24,0,710460,710460,EXTERNAL_EXIT
131,Papunya,11,Warumpi Road,unclassified,189318505,-8019.37,-2501285.26,0,710460,710460,EXTERNAL_EXIT
131,Papunya,12,,track,1382226626,-8601.13,-2500490.55,105,16,710460,LOCAL_OR_DEAD_END
131,Papunya,13,Mount Wedge Road,unclassified,143120730,-8268.7,-2500733.86,0,710460,710460,EXTERNAL_EXIT
131,Papunya,14,,track,189318553,-8074.11,-2501744.94,0,710460,710460,EXTERNAL_EXIT
131,Papunya,15,,track_grade3,777916668,-9877.1,-2501900.44,0,710460,710460,EXTERNAL_EXIT
131,Papunya,16,,track,189318558,-8112.6,-2501835.79,0,710460,710460,EXTERNAL_EXIT
131,Papunya,17,,track_grade2,777917158,-10010.94,-2501381.47,0,710460,710460,EXTERNAL_EXIT
131,Papunya,18,,service,376676244,-8104.98,-2500982.6,175,2,710460,LOCAL_OR_DEAD_END
131,Papunya,19,,track,1382226630,-8876.63,-2500411.48,105,16,710460,LOCAL_OR_DEAD_END
410,Peppimenarti,1,Peppimenarti Road,tertiary,320163319,-209200.63,-1500526.62,0,710868,710868,EXTERNAL_EXIT
410,Peppimenarti,2,,service,776690515,-209433.3,-1500837.08,161,4,710868,LOCAL_OR_DEAD_END
410,Peppimenarti,3,,unclassified,320163324,-209170.09,-1500457.27,181,1,710868,LOCAL_OR_DEAD_END
410,Peppimenarti,4,,service,777646785,-209205.75,-1499651.09,0,710868,710868,EXTERNAL_EXIT
410,Peppimenarti,5,,unclassified,320163330,-209252.53,-1499567.08,0,710868,710868,EXTERNAL_EXIT
410,Peppimenarti,6,,track_grade4,777648916,-209881.87,-1499119.51,22,192,710868,LOCAL_OR_DEAD_END
138,Pmara Jutunta,1,,track_grade2,776256877,145481.27,-2390493.64,107,15,711105,LOCAL_OR_DEAD_END
138,Pmara Jutunta,2,,service,776255148,145562.83,-2390398.26,107,15,711105,LOCAL_OR_DEAD_END
138,Pmara Jutunta,3,,track_grade2,776259373,145977.11,-2390144.64,59,53,711105,LOCAL_OR_DEAD_END
138,Pmara Jutunta,4,Stuart Highway,trunk,485428762,145861.22,-2392007.01,0,711105,711105,EXTERNAL_EXIT
138,Pmara Jutunta,5,Stuart Highway,trunk,485428762,146031.78,-2390130,0,711105,711105,EXTERNAL_EXIT
138,Pmara Jutunta,6,,unclassified,226561241,146539.6,-2392062.1,0,711105,711105,EXTERNAL_EXIT
138,Pmara Jutunta,7,,track_grade2,776256878,145476.85,-2390499.6,107,15,711105,LOCAL_OR_DEAD_END
138,Pmara Jutunta,8,,track_grade2,776252049,146740.97,-2390213.35,166,3,711105,LOCAL_OR_DEAD_END
550,Ramingining,1,Lewangu Drive,tertiary,776237545,323708.05,-1304123.88,0,710693,710693,EXTERNAL_EXIT
550,Ramingining,2,,track,1112649471,325116.22,-1304402.06,72,35,710693,LOCAL_OR_DEAD_END
550,Ramingining,3,Dingbulu Road,unclassified,776237543,324238.98,-1304531.34,0,710693,710693,EXTERNAL_EXIT
550,Ramingining,4,Dingbulu Road,tertiary,1447426803,325387.47,-1303040.23,15,346,710693,LOCAL_OR_DEAD_END
641,Rittarangu,1,,unclassified,174686796,278888.24,-1561599.6,0,711108,711108,EXTERNAL_EXIT
258,Robinson River,1,,track_grade2,776685088,533517.64,-1794996.17,42,89,711060,LOCAL_OR_DEAD_END
258,Robinson River,2,Robinson River Road,unclassified,143823870,531965.16,-1794828.18,0,711060,711060,EXTERNAL_EXIT
642,Rockhole,1,Florina Road,tertiary,26643374,20982.67,-1538192.89,0,710931,710931,EXTERNAL_EXIT
642,Rockhole,2,Florina Road,tertiary,26643374,19297.87,-1539018.34,0,710931,710931,EXTERNAL_EXIT
642,Rockhole,3,Egan Street,unclassified,233599507,19332.79,-1538635.08,123,10,710931,LOCAL_OR_DEAD_END
642,Rockhole,4,,service,1493649872,19531.67,-1538267.09,170,3,710931,LOCAL_OR_DEAD_END
642,Rockhole,5,,service,1493649873,19497.93,-1538309.54,135,8,710931,LOCAL_OR_DEAD_END
642,Rockhole,6,,service,1494324104,20937.64,-1538152.07,0,710931,710931,EXTERNAL_EXIT
642,Rockhole,7,,service,1494317439,20406.98,-1537922.44,183,2,710931,LOCAL_OR_DEAD_END
642,Rockhole,8,Helena Road,unclassified,233599508,19604.54,-1538190.5,21,228,710931,LOCAL_OR_DEAD_END
642,Rockhole,9,Hendry Road,unclassified,233599510,20316.31,-1537916.33,21,228,710931,LOCAL_OR_DEAD_END
469,Rorruwuy,1,,track_grade5,458789543,475934.98,-1293347.73,0,711237,711237,EXTERNAL_EXIT
469,Rorruwuy,2,,track_grade5,458789544,475680.04,-1293465.49,0,711237,711237,EXTERNAL_EXIT
469,Rorruwuy,3,,track_grade4,455250124,476108.18,-1293312.75,0,711237,711237,EXTERNAL_EXIT
145,Santa Teresa,1,Old Andado Track (Binns Track),tertiary,93255081,238113.14,-2608265.56,0,710083,710083,EXTERNAL_EXIT
145,Santa Teresa,2,Power Road,unclassified,376524245,238359.11,-2608376.98,0,710083,710083,EXTERNAL_EXIT
145,Santa Teresa,3,Power Road,unclassified,376524245,238142.28,-2608283.02,0,710083,710083,EXTERNAL_EXIT
145,Santa Teresa,4,Arlperre Road,residential,1553793223,239113.46,-2606536.23,128,10,710083,LOCAL_OR_DEAD_END
145,Santa Teresa,5,,track_grade3,778241253,239438.9,-2606815.66,183,1,710083,LOCAL_OR_DEAD_END
145,Santa Teresa,6,,track,777959213,238730.26,-2606422.58,12,469,710083,LOCAL_OR_DEAD_END
145,Santa Teresa,7,,track,928093204,238628.75,-2606418.93,12,469,710083,LOCAL_OR_DEAD_END
145,Santa Teresa,8,,track,928093204,238711.35,-2606421.65,12,469,710083,LOCAL_OR_DEAD_END
145,Santa Teresa,9,,track,777959569,239005.11,-2606487.27,135,8,710083,LOCAL_OR_DEAD_END
145,Santa Teresa,10,Phillipson Road,unclassified,1553793225,238539.27,-2606423.82,12,469,710083,LOCAL_OR_DEAD_END
145,Santa Teresa,11,Santa Teresa Road,secondary,172449691,237939.09,-2606707.63,0,710083,710083,EXTERNAL_EXIT
264,Tara,1,,track_grade4,448460449,205791.46,-2312610.76,19,252,710399,LOCAL_OR_DEAD_END
264,Tara,2,,track_grade2,777957994,205501.95,-2314500.33,12,525,710399,LOCAL_OR_DEAD_END
264,Tara,3,,residential,777964153,204981.95,-2314437.12,121,11,710399,LOCAL_OR_DEAD_END
264,Tara,4,,residential,777964153,204891.9,-2314395.05,121,11,710399,LOCAL_OR_DEAD_END
264,Tara,5,,unclassified,141185468,204736.52,-2314292.63,0,710399,710399,EXTERNAL_EXIT
264,Tara,6,,unclassified,321679773,204621.46,-2314183.9,0,710399,710399,EXTERNAL_EXIT
148,Titjikala,1,,track_grade3,189467795,208187.38,-2668618.45,7,1131,709791,LOCAL_OR_DEAD_END
148,Titjikala,2,,track,189465627,207542.64,-2668700.86,131,8,709791,LOCAL_OR_DEAD_END
148,Titjikala,3,Chambers Pillar Road,unclassified,186247785,206801.07,-2668045.37,0,709791,709791,EXTERNAL_EXIT
148,Titjikala,4,,track_grade5,778232119,207189.01,-2666891.98,0,709791,709791,EXTERNAL_EXIT
148,Titjikala,5,,track_grade4,778234817,208391.4,-2666958.95,0,709791,709791,EXTERNAL_EXIT
148,Titjikala,6,,track_grade4,778234818,208331.88,-2666913.04,0,709791,709791,EXTERNAL_EXIT
148,Titjikala,7,,track_grade4,778234819,208400.74,-2666967.42,0,709791,709791,EXTERNAL_EXIT
148,Titjikala,8,,track_grade4,778234648,207456.31,-2666765.19,0,709791,709791,EXTERNAL_EXIT
148,Titjikala,9,,track_grade4,778234648,208025.84,-2666762.59,0,709791,709791,EXTERNAL_EXIT
148,Titjikala,10,,unclassified,189467982,207215.29,-2666875.99,69,45,709791,LOCAL_OR_DEAD_END
148,Titjikala,11,Maryvale Road,tertiary,226848225,207270.32,-2666843.01,0,709791,709791,EXTERNAL_EXIT
148,Titjikala,12,,track_grade4,778231553,206977.08,-2667083.58,0,709791,709791,EXTERNAL_EXIT
148,Titjikala,13,,track,189469547,208408.69,-2666974.62,0,709791,709791,EXTERNAL_EXIT
426,Wadeye,1,,track_grade3,777676759,-270488.84,-1511986.34,0,710863,710863,EXTERNAL_EXIT
426,Wadeye,2,Perdjert Street,unclassified,323166353,-269972.75,-1511767.93,0,710863,710863,EXTERNAL_EXIT
426,Wadeye,3,Wadeye Int Road,unclassified,323166364,-271327.91,-1511684.61,0,710863,710863,EXTERNAL_EXIT
426,Wadeye,4,,residential,323166362,-269606.86,-1511014.15,0,710863,710863,EXTERNAL_EXIT
426,Wadeye,5,,unclassified,558930469,-269712.66,-1510546.44,0,710863,710863,EXTERNAL_EXIT
174,Wallace Rockhole,1,Wallace Rockhole Road,track,188451452,108544.54,-2605688.15,129,8,711185,LOCAL_OR_DEAD_END
174,Wallace Rockhole,2,,residential,188451450,110176.1,-2605324.69,143,6,711185,LOCAL_OR_DEAD_END
174,Wallace Rockhole,3,,track,980799259,110226.42,-2604804.44,166,3,711185,LOCAL_OR_DEAD_END
174,Wallace Rockhole,4,Wallace Rockhole Road,unclassified,38482849,109050.73,-2603990.45,0,711185,711185,EXTERNAL_EXIT
256,Wandangula,1,,unclassified,101093951,468429.56,-1715470.87,0,711154,711154,EXTERNAL_EXIT
256,Wandangula,2,,track_grade4,458463742,467887.14,-1714534.98,57,57,711154,LOCAL_OR_DEAD_END
256,Wandangula,3,,service,454388855,468115.78,-1714696.41,57,57,711154,LOCAL_OR_DEAD_END
256,Wandangula,4,,service,454388855,468397.41,-1715168.69,0,711154,711154,EXTERNAL_EXIT
654,Weemol,1,,unclassified,460923436,253919.58,-1446118.9,0,711241,711241,EXTERNAL_EXIT
654,Weemol,2,,unclassified,442678755,252250.75,-1445959.43,0,711241,711241,EXTERNAL_EXIT
186,Willowra,1,Willowra,unclassified,321690645,64139.39,-2283341.38,0,710880,710880,EXTERNAL_EXIT
186,Willowra,2,Willowra,track,243878563,63568.83,-2283786.04,0,710880,710880,EXTERNAL_EXIT
186,Willowra,3,Old Airstrip,track,461001833,63909.58,-2283606.58,174,2,710880,LOCAL_OR_DEAD_END
186,Willowra,4,Lander River Road,residential,243878562,62355.65,-2283202.25,0,710880,710880,EXTERNAL_EXIT
186,Willowra,5,Kakarrara Road,track,243878564,63199.62,-2281832.17,28,138,710880,LOCAL_OR_DEAD_END
187,Wilora,1,,track,1413401217,178549.31,-2338763.65,0,711120,711120,EXTERNAL_EXIT
187,Wilora,2,,track,1413401209,178551.98,-2338768.11,0,711120,711120,EXTERNAL_EXIT
187,Wilora,3,Stuart Highway,trunk,121502783,176771.73,-2338883.59,0,711120,711120,EXTERNAL_EXIT
187,Wilora,4,Stuart Highway,trunk,121502783,177797.05,-2338281.08,0,711120,711120,EXTERNAL_EXIT
434,Woodycupaldiya,1,Woodycupildiya Road,secondary,404264106,-217816.25,-1468274.4,0,710914,710914,EXTERNAL_EXIT
434,Woodycupaldiya,2,,track_grade3,456100669,-219763.2,-1468698.96,22,215,710914,LOCAL_OR_DEAD_END
434,Woodycupaldiya,3,,unclassified,404275705,-219777.05,-1468177.71,22,215,710914,LOCAL_OR_DEAD_END
434,Woodycupaldiya,4,Deleye Road,unclassified,404722759,-218561.94,-1467442.11,39,99,710914,LOCAL_OR_DEAD_END
581,Wugularr,1,,residential,1484824932,121683.21,-1544237.72,182,2,710522,LOCAL_OR_DEAD_END
581,Wugularr,2,Yangula Street,residential,370581980,121837.13,-1544158.17,163,3,710522,LOCAL_OR_DEAD_END
581,Wugularr,3,Laiwanga Street,residential,370581972,121895.83,-1544118.22,163,3,710522,LOCAL_OR_DEAD_END
581,Wugularr,4,Cameron Road,unclassified,370581959,122298.35,-1543433.51,162,3,710522,LOCAL_OR_DEAD_END
581,Wugularr,5,Central Arnhem Highway,trunk,22716492,120893.23,-1544220.95,0,710522,710522,EXTERNAL_EXIT
581,Wugularr,6,,track_grade5,508394372,120472.47,-1542760.68,11,578,710522,LOCAL_OR_DEAD_END
581,Wugularr,7,,track,475474038,121200.79,-1542317.62,11,578,710522,LOCAL_OR_DEAD_END
581,Wugularr,8,,track_grade5,475474028,120463.05,-1542776.38,11,578,710522,LOCAL_OR_DEAD_END
581,Wugularr,9,Central Arnhem Highway,trunk,1301241425,121940.07,-1542537.86,0,710522,710522,EXTERNAL_EXIT
227,Wutunugurra,1,Kurundi Road,unclassified,311345086,337529.52,-2198754.86,0,711138,711138,EXTERNAL_EXIT
227,Wutunugurra,2,Kurundi Road,unclassified,311345086,336470,-2199930.6,0,711138,711138,EXTERNAL_EXIT
658,Yarralin,1,,unclassified,320305828,-119177.83,-1750578.61,0,711163,711163,EXTERNAL_EXIT
658,Yarralin,2,,unclassified,320305828,-120811.77,-1751280.81,0,711163,711163,EXTERNAL_EXIT
658,Yarralin,3,,track,775956789,-120071.89,-1752314.33,0,711163,711163,EXTERNAL_EXIT
658,Yarralin,4,,track,775956789,-118821.76,-1751238.7,0,711163,711163,EXTERNAL_EXIT
658,Yarralin,5,,track_grade3,461803542,-119115.04,-1750635.52,0,711163,711163,EXTERNAL_EXIT
658,Yarralin,6,,track,320305831,-119556.63,-1750384.09,57,57,711163,LOCAL_OR_DEAD_END
571,Yathalamarra,1,,unclassified,447678285,324725.81,-1298113.22,0,711272,711272,EXTERNAL_EXIT
576,Yirrkala,1,Rocky Point Road,residential,48788820,542012.13,-1303090.01,70,36,710903,LOCAL_OR_DEAD_END
576,Yirrkala,2,,track,1263358758,542423.1,-1303023.73,179,2,710903,LOCAL_OR_DEAD_END
576,Yirrkala,3,,track,777321533,541465.72,-1302894.28,147,6,710903,LOCAL_OR_DEAD_END
576,Yirrkala,4,Yirrkala Road,secondary,62214679,541464.45,-1302893.34,0,710903,710903,EXTERNAL_EXIT
576,Yirrkala,5,Shady Beach Road,tertiary,62221241,543052.16,-1302218.98,120,11,710903,LOCAL_OR_DEAD_END
576,Yirrkala,6,Nuwul Road,tertiary,62221239,541325.23,-1301417.16,131,8,710903,LOCAL_OR_DEAD_END
197,Yuelamu,1,,unclassified,143574666,20395.41,-2396620.78,0,711119,711119,EXTERNAL_EXIT
197,Yuelamu,2,,residential,188551919,21370.08,-2396763.7,110,13,711119,LOCAL_OR_DEAD_END
197,Yuelamu,3,,unclassified,770232224,20173.17,-2395283.49,0,711119,711119,EXTERNAL_EXIT
197,Yuelamu,4,,unclassified,143574653,21818.63,-2395247.47,0,711119,711119,EXTERNAL_EXIT
197,Yuelamu,5,,unclassified,143574656,21964.03,-2396127.15,0,711119,711119,EXTERNAL_EXIT
198,Yuendumu,1,Yuendumu Road,unclassified,143305765,-19984.9,-2395680.57,0,711057,711057,EXTERNAL_EXIT
198,Yuendumu,2,,track_grade3,776437082,-20663.89,-2396299.01,0,711057,711057,EXTERNAL_EXIT
198,Yuendumu,3,,unclassified,188551925,-20629.04,-2396290.02,0,711057,711057,EXTERNAL_EXIT
198,Yuendumu,4,,unclassified,188551927,-19926.26,-2395427.11,0,711057,711057,EXTERNAL_EXIT
198,Yuendumu,5,,unclassified,143305792,-20158.75,-2394688.41,0,711057,711057,EXTERNAL_EXIT
198,Yuendumu,6,,unclassified,98997463,-21820.73,-2394898.75,0,711057,711057,EXTERNAL_EXIT
198,Yuendumu,7,,unclassified,143305761,-21317.19,-2394416.11,129,8,711057,LOCAL_OR_DEAD_END
198,Yuendumu,8,,unclassified,143305761,-20833.89,-2394338.24,129,8,711057,LOCAL_OR_DEAD_END
198,Yuendumu,9,,unclassified,143305757,-20693.19,-2394361.51,157,4,711057,LOCAL_OR_DEAD_END
198,Yuendumu,10,Mount Denison Road,unclassified,143305767,-20174.46,-2394671.07,0,711057,711057,EXTERNAL_EXIT
10153,Adelaide River,1,,track,1479074379,-99112.27,-1399999.64,96,20,710810,LOCAL_OR_DEAD_END
10153,Adelaide River,2,,track,1479074379,-99319.92,-1399766.44,131,10,710810,LOCAL_OR_DEAD_END
10153,Adelaide River,3,,track,1479074379,-98453.98,-1400223.85,96,20,710810,LOCAL_OR_DEAD_END
10153,Adelaide River,4,,track,1479074380,-98636.87,-1400211.56,96,20,710810,LOCAL_OR_DEAD_END
10153,Adelaide River,5,,service,242172858,-97698.56,-1399848.27,172,2,710810,LOCAL_OR_DEAD_END
10153,Adelaide River,6,,service,468122607,-97632.71,-1399754.45,179,2,710810,LOCAL_OR_DEAD_END
10153,Adelaide River,7,Dorat Road,unclassified,1058892007,-97859.72,-1400008.66,0,710810,710810,EXTERNAL_EXIT
10153,Adelaide River,8,Stuart Highway,trunk,482759431,-97615.69,-1399726.05,0,710810,710810,EXTERNAL_EXIT
10153,Adelaide River,9,,track,1479074384,-99390.15,-1398813.59,110,15,710810,LOCAL_OR_DEAD_END
10153,Adelaide River,10,Memorial Terrace,tertiary,4869479,-97570.79,-1398811.23,58,56,710810,LOCAL_OR_DEAD_END
10153,Adelaide River,11,Coach Road,unclassified,242172859,-99348.41,-1398731.34,0,710810,710810,EXTERNAL_EXIT
10153,Adelaide River,12,Stuart Highway,trunk,482759429,-98945.7,-1398340.55,0,710810,710810,EXTERNAL_EXIT
10153,Adelaide River,13,,track,1479074389,-98884.39,-1398311.55,58,56,710810,LOCAL_OR_DEAD_END
10153,Adelaide River,14,,unclassified,242172865,-99340.58,-1398718.28,103,17,710810,LOCAL_OR_DEAD_END
916,Angatyepe,1,Larapinta Drive,primary,376662588,173368.17,-2562827.86,0,711105,711105,EXTERNAL_EXIT
916,Angatyepe,2,Larapinta Drive,primary,376662588,174565.22,-2562244.33,0,711105,711105,EXTERNAL_EXIT
916,Angatyepe,3,,service,459809884,173309.22,-2563376.22,138,7,711105,LOCAL_OR_DEAD_END
916,Angatyepe,4,,service,459809883,173308.82,-2563373.51,138,7,711105,LOCAL_OR_DEAD_END
916,Angatyepe,5,,track,1266217945,173340.62,-2562904.87,0,711105,711105,EXTERNAL_EXIT
916,Angatyepe,6,,track,1266217945,174629.97,-2562265.48,112,13,711105,LOCAL_OR_DEAD_END
916,Angatyepe,7,,service,377597054,173313.13,-2563009.97,0,711105,711105,EXTERNAL_EXIT
168,Arlparra,1,Sandover Highway,secondary,914580551,283611.33,-2380787.13,0,711047,711047,EXTERNAL_EXIT
168,Arlparra,2,,unclassified,920025228,283389.51,-2380669.42,0,711047,711047,EXTERNAL_EXIT
168,Arlparra,3,,unclassified,920025216,283915.93,-2378855.45,0,711047,711047,EXTERNAL_EXIT
168,Arlparra,4,,unclassified,920025230,284235.35,-2378890.98,0,711047,711047,EXTERNAL_EXIT
168,Arlparra,5,,unclassified,920025231,284376.2,-2378942.43,0,711047,711047,EXTERNAL_EXIT
168,Arlparra,6,Sandover Highway,secondary,914580550,284432.91,-2378969.26,0,711047,711047,EXTERNAL_EXIT
968,Armorran,1,,track_grade5,440558396,152706,-1238754.53,152,5,711247,LOCAL_OR_DEAD_END
968,Armorran,2,,track_grade5,440558396,154651.84,-1238920.54,0,711247,711247,EXTERNAL_EXIT
919,Arrillhjere,1,,service,1030834933,163069.85,-2566635.61,0,711253,711253,EXTERNAL_EXIT
919,Arrillhjere,2,,unclassified,440574356,164053.97,-2565969.15,0,711253,711253,EXTERNAL_EXIT
919,Arrillhjere,3,,track,1030834930,163133.11,-2567443.46,128,9,711253,LOCAL_OR_DEAD_END
919,Arrillhjere,4,,track,1030834930,163012.31,-2566961.85,0,711253,711253,EXTERNAL_EXIT
146,Atnarara,1,,unclassified,376796554,286242.47,-2373527.59,0,711209,711209,EXTERNAL_EXIT
146,Atnarara,2,,unclassified,376796554,284775.93,-2372219.64,57,57,711209,LOCAL_OR_DEAD_END
146,Atnarara,3,,track_grade5,440736274,286284.54,-2373451.44,0,711209,711209,EXTERNAL_EXIT
146,Atnarara,4,,track_grade5,440736274,285842.11,-2372117.56,0,711209,711209,EXTERNAL_EXIT
10677,Batchelor,1,Coach Road,unclassified,1447151497,-107519.27,-1379264.82,0,710933,710933,EXTERNAL_EXIT
10677,Batchelor,2,Woolley Court,residential,242025983,-106410.63,-1379234.89,110,13,710933,LOCAL_OR_DEAD_END
10677,Batchelor,3,Cameron Road,residential,242025987,-106407.35,-1379232.46,110,13,710933,LOCAL_OR_DEAD_END
10677,Batchelor,4,Meneling Road,unclassified,1554834999,-107982.98,-1378509.21,0,710933,710933,EXTERNAL_EXIT
10677,Batchelor,5,,unclassified,300792860,-107683.41,-1377701.98,0,710933,710933,EXTERNAL_EXIT
10677,Batchelor,6,Rum Jungle Road,secondary,801792816,-107439.8,-1377528.24,0,710933,710933,EXTERNAL_EXIT
10677,Batchelor,7,Batchelor Road,secondary,374619705,-106062.7,-1378799.52,0,710933,710933,EXTERNAL_EXIT
25,Blackwater,1,,track,783468098,-10846.57,-2508889.28,0,711191,711191,EXTERNAL_EXIT
25,Blackwater,2,,track_grade2,777731426,-9573.91,-2508457.16,0,711191,711191,EXTERNAL_EXIT
25,Blackwater,3,,track,783468108,-9448.45,-2507980,165,3,711191,LOCAL_OR_DEAD_END
25,Blackwater,4,,track,783468102,-10227.02,-2506998.59,144,6,711191,LOCAL_OR_DEAD_END
25,Blackwater,5,,track,783468107,-9557.81,-2507519.17,0,711191,711191,EXTERNAL_EXIT
25,Blackwater,6,,unclassified,143126489,-10146.66,-2507019.92,0,711191,711191,EXTERNAL_EXIT
25,Blackwater,7,,track_grade4,143126463,-10843.57,-2507055.04,0,711191,711191,EXTERNAL_EXIT
25,Blackwater,8,,track_grade4,143126463,-9460.13,-2507826.18,0,711191,711191,EXTERNAL_EXIT
11092,Borroloola,1,,track_grade2,769618879,462636.92,-1717502.15,161,4,710815,LOCAL_OR_DEAD_END
11092,Borroloola,2,Robinson Road,secondary,29222443,463296.2,-1715698.43,0,710815,710815,EXTERNAL_EXIT
11092,Borroloola,3,Robinson Road,secondary,29222443,463358.45,-1717684.9,0,710815,710815,EXTERNAL_EXIT
11092,Borroloola,4,,track,769618878,462285.27,-1716357.17,119,11,710815,LOCAL_OR_DEAD_END
11092,Borroloola,5,,track,769618878,462323.08,-1716266.29,119,11,710815,LOCAL_OR_DEAD_END
11092,Borroloola,6,,track,769618878,462386.04,-1716152.22,0,710815,710815,EXTERNAL_EXIT
11092,Borroloola,7,,track_grade2,769618877,462587.31,-1715925.12,0,710815,710815,EXTERNAL_EXIT
11092,Borroloola,8,Mulholland Street,residential,101389461,462652.64,-1715876.08,0,710815,710815,EXTERNAL_EXIT
11092,Borroloola,9,Anyula Street,residential,101389453,463035.45,-1715713.37,0,710815,710815,EXTERNAL_EXIT
11092,Borroloola,10,,track_grade3,769621899,463749.75,-1715844.88,0,710815,710815,EXTERNAL_EXIT
11092,Borroloola,11,Jose Street,residential,379217392,462743.23,-1715819.37,0,710815,710815,EXTERNAL_EXIT
11092,Borroloola,12,Harney Court,residential,101389509,462856.07,-1715766.22,169,2,710815,LOCAL_OR_DEAD_END
11092,Borroloola,13,,residential,745883527,462961.97,-1715731.23,0,710815,710815,EXTERNAL_EXIT
11092,Borroloola,14,,service,769622554,463252.37,-1715696.28,0,710815,710815,EXTERNAL_EXIT
24904,Brumby Plains,1,,track_grade5,440949744,-318102.03,-1820892.8,0,711281,711281,EXTERNAL_EXIT
24904,Brumby Plains,2,,track_grade5,440949744,-319438.87,-1822159,0,711281,711281,EXTERNAL_EXIT
949,Bunhanura,1,Barge Landing Road,tertiary,1335603143,412827.15,-1311648.83,0,711142,711142,EXTERNAL_EXIT
949,Bunhanura,2,Barge Landing Road,tertiary,1335603143,411217.78,-1310520.8,50,72,711142,LOCAL_OR_DEAD_END
12194,Daly Waters,1,,service,423688133,147655.75,-1730940.88,0,711053,711053,EXTERNAL_EXIT
12194,Daly Waters,2,,secondary,809069014,147131.56,-1731120.43,0,711053,711053,EXTERNAL_EXIT
12194,Daly Waters,3,,unclassified,98696503,146431.34,-1729364.63,0,711053,711053,EXTERNAL_EXIT
477,Dhipirrinjura,1,,track_grade5,445443558,343574.67,-1296368.88,19,239,711288,LOCAL_OR_DEAD_END
981,Djirrbiyak,1,,unclassified,445554023,84655.65,-1344718.48,179,1,711245,LOCAL_OR_DEAD_END
981,Djirrbiyak,2,Kakadu Highway,secondary,509686230,84674.64,-1344711.68,0,711245,711245,EXTERNAL_EXIT
981,Djirrbiyak,3,Kakadu Highway,secondary,509686230,84754.3,-1344678.45,0,711245,711245,EXTERNAL_EXIT
46,Dons Bore,1,,unclassified,188551915,-7262.48,-2395798.41,0,711278,711278,EXTERNAL_EXIT
46,Dons Bore,2,,unclassified,188551915,-9147.17,-2396278.02,0,711278,711278,EXTERNAL_EXIT
34,Eight Mile,1,,track,93777079,69473.45,-2578846.18,0,710729,710729,EXTERNAL_EXIT
34,Eight Mile,2,,track_grade4,448801069,68857.63,-2579100.61,0,710729,710729,EXTERNAL_EXIT
34,Eight Mile,3,No Entry (Aboriginal Freehold),unclassified,440566916,67855.66,-2578411.94,0,710729,710729,EXTERNAL_EXIT
34,Eight Mile,4,,track_grade3,456567647,67806.61,-2578116.07,0,710729,710729,EXTERNAL_EXIT
34,Eight Mile,5,,track,446597493,69108.73,-2577150.67,12,476,710729,LOCAL_OR_DEAD_END
920,Elitjia,1,Larapinta Drive,primary,376662588,162172.72,-2566029.03,0,711232,711232,EXTERNAL_EXIT
920,Elitjia,2,Larapinta Drive,primary,376662588,163630.81,-2565853.33,0,711232,711232,EXTERNAL_EXIT
920,Elitjia,3,,unclassified,440574356,163982.52,-2566614.41,0,711232,711232,EXTERNAL_EXIT
920,Elitjia,4,,unclassified,440574356,163967.17,-2566783.04,136,7,711232,LOCAL_OR_DEAD_END
920,Elitjia,5,,track,1030834930,163171.63,-2567595.45,138,7,711232,LOCAL_OR_DEAD_END
920,Elitjia,6,,track,534414177,163559.24,-2565797.96,0,711232,711232,EXTERNAL_EXIT
12641,Elliott,1,,track,208044673,164290.86,-1874549.97,0,710857,710857,EXTERNAL_EXIT
12641,Elliott,2,,unclassified,208044536,164629.97,-1874206.95,0,710857,710857,EXTERNAL_EXIT
12641,Elliott,3,,track,208044533,164749.29,-1873491.33,0,710857,710857,EXTERNAL_EXIT
12641,Elliott,4,,track,397715201,164769.34,-1873733.82,0,710857,710857,EXTERNAL_EXIT
12641,Elliott,5,,track,845670167,164709.49,-1874039.27,0,710857,710857,EXTERNAL_EXIT
12641,Elliott,6,,track,845670167,163256.71,-1872840.88,0,710857,710857,EXTERNAL_EXIT
12641,Elliott,7,,track_grade4,777686507,162790.01,-1873504.3,0,710857,710857,EXTERNAL_EXIT
12641,Elliott,8,Stuart Highway,trunk,845670165,164683.67,-1874103.7,0,710857,710857,EXTERNAL_EXIT
12641,Elliott,9,Stuart Highway,trunk,845670165,163213.35,-1872867.19,0,710857,710857,EXTERNAL_EXIT
12641,Elliott,10,,track_grade4,777684560,163031.43,-1873025.88,0,710857,710857,EXTERNAL_EXIT
12641,Elliott,11,,service,768114735,163114.54,-1872944.13,0,710857,710857,EXTERNAL_EXIT
12641,Elliott,12,,service,768114735,163143.93,-1872918.67,0,710857,710857,EXTERNAL_EXIT
12641,Elliott,13,,track,1493486736,164193.48,-1872791.87,0,710857,710857,EXTERNAL_EXIT
57,Five Mile,1,,track,1223940767,85519.7,-2582725.11,0,711269,711269,EXTERNAL_EXIT
57,Five Mile,2,,unclassified,93787034,86409.68,-2581402.9,0,711269,711269,EXTERNAL_EXIT
57,Five Mile,3,,unclassified,93787034,84492.77,-2581956.56,0,711269,711269,EXTERNAL_EXIT
489,Galawdjapin,1,,unclassified,447412014,311903.52,-1299824.79,0,711228,711228,EXTERNAL_EXIT
489,Galawdjapin,2,,unclassified,447412014,312392.71,-1297888.02,86,25,711228,LOCAL_OR_DEAD_END
489,Galawdjapin,3,,track_grade5,447412015,312538.06,-1299800.49,93,20,711228,LOCAL_OR_DEAD_END
963,Garanydjirr,1,,track_grade3,442415440,333803.28,-1298489.01,0,711274,711274,EXTERNAL_EXIT
973,Hingstons Place,1,Kaczinsky Road,unclassified,208044610,229812.49,-2104548.3,0,711046,711046,EXTERNAL_EXIT
973,Hingstons Place,2,,track,1334814326,229852.89,-2104538.18,0,711046,711046,EXTERNAL_EXIT
973,Hingstons Place,3,Stuart Highway,trunk,226560897,229088.48,-2104447.02,0,711046,711046,EXTERNAL_EXIT
973,Hingstons Place,4,Stuart Highway,trunk,172569408,229416.7,-2102591.42,0,711046,711046,EXTERNAL_EXIT
973,Hingstons Place,5,,track,1204744982,229202.24,-2102651.21,35,108,711046,LOCAL_OR_DEAD_END
973,Hingstons Place,6,,track,1204744981,229385.9,-2102595.99,35,108,711046,LOCAL_OR_DEAD_END
973,Hingstons Place,7,,track,1204744461,229301.1,-2102617.09,35,108,711046,LOCAL_OR_DEAD_END
973,Hingstons Place,8,Warrego Road,tertiary,226561034,228716.36,-2104079.41,0,711046,711046,EXTERNAL_EXIT
800,Hunters Camp,1,Kakadu Highway,secondary,509686230,91288.55,-1336121.59,0,711260,711260,EXTERNAL_EXIT
800,Hunters Camp,2,Arnhem Highway,secondary,505983119,92221.79,-1335972.87,0,711260,711260,EXTERNAL_EXIT
800,Hunters Camp,3,Arnhem Highway,primary,172807010,90631.68,-1335345.13,0,711260,711260,EXTERNAL_EXIT
52,Importna,1,,track,448917599,74863.01,-2585123.66,0,711220,711220,EXTERNAL_EXIT
52,Importna,2,,service,93780642,75595.37,-2584822.33,0,711220,711220,EXTERNAL_EXIT
52,Importna,3,Larapinta Drive,primary,1068740878,75672.1,-2584732.96,0,711220,711220,EXTERNAL_EXIT
52,Importna,4,,track,93776147,73990.82,-2584580.84,0,711220,711220,EXTERNAL_EXIT
52,Importna,5,,track,93776549,74023.05,-2583611.2,0,711220,711220,EXTERNAL_EXIT
52,Importna,6,Larapinta Drive,primary,182528307,73915.05,-2583865.61,0,711220,711220,EXTERNAL_EXIT
932,Inbina Atwatye,1,Larapinta Drive,primary,376662588,171993.2,-2563254.46,0,710838,710838,EXTERNAL_EXIT
932,Inbina Atwatye,2,Larapinta Drive,primary,376662588,173852.05,-2562634.82,0,710838,710838,EXTERNAL_EXIT
932,Inbina Atwatye,3,,service,459809885,173588.17,-2563443.84,144,6,710838,LOCAL_OR_DEAD_END
932,Inbina Atwatye,4,,track,1266217945,172022.67,-2563303.63,0,710838,710838,EXTERNAL_EXIT
932,Inbina Atwatye,5,,track,1266217945,173858.05,-2562703.89,0,710838,710838,EXTERNAL_EXIT
932,Inbina Atwatye,6,,unclassified,1486469775,171864.34,-2562686.39,0,710838,710838,EXTERNAL_EXIT
932,Inbina Atwatye,7,,track,1485872453,173564.81,-2562049.24,0,710838,710838,EXTERNAL_EXIT
932,Inbina Atwatye,8,,track,1486469774,172659.14,-2561779.98,59,54,710838,LOCAL_OR_DEAD_END
82,Inkwelaye,1,,unclassified,203344393,290158.6,-2379986.84,0,711253,711253,EXTERNAL_EXIT
82,Inkwelaye,2,,unclassified,203344390,289067.48,-2378371.35,0,711253,711253,EXTERNAL_EXIT
82,Inkwelaye,3,,track,203344420,290720.37,-2378678.52,179,1,711253,LOCAL_OR_DEAD_END
771,Ipalala,1,,unclassified,448800813,69305.4,-2582355.98,0,711282,711282,EXTERNAL_EXIT
921,Irriltyere (A),1,Larapinta Drive,primary,376662588,169975.58,-2563796.99,0,711088,711088,EXTERNAL_EXIT
921,Irriltyere (A),2,Larapinta Drive,primary,376662588,171795.33,-2563298.64,0,711088,711088,EXTERNAL_EXIT
921,Irriltyere (A),3,,unclassified,1182599331,169979.31,-2563752.07,0,711088,711088,EXTERNAL_EXIT
921,Irriltyere (A),4,,residential,448647003,170322.97,-2563105.92,69,43,711088,LOCAL_OR_DEAD_END
921,Irriltyere (A),5,,track,1266217945,169972.66,-2563874.62,0,711088,711088,EXTERNAL_EXIT
921,Irriltyere (A),6,,track,1266217945,171824.32,-2563344.33,0,711088,711088,EXTERNAL_EXIT
921,Irriltyere (A),7,,residential,1486469778,170278.85,-2563145.91,69,43,711088,LOCAL_OR_DEAD_END
921,Irriltyere (A),8,,unclassified,1486469776,171232.63,-2562901.05,0,711088,711088,EXTERNAL_EXIT
921,Irriltyere (A),9,,residential,1486469777,171194.13,-2562891.4,91,21,711088,LOCAL_OR_DEAD_END
921,Irriltyere (A),10,,track,1246973499,170858.76,-2562872.57,162,4,711088,LOCAL_OR_DEAD_END
921,Irriltyere (A),11,,track,1246973499,171103.71,-2562875.25,91,21,711088,LOCAL_OR_DEAD_END
922,Irriltyere (B),1,,unclassified,448886137,169723.02,-2564000.66,0,711254,711254,EXTERNAL_EXIT
935,Itchy Koo Park,1,Larapinta Drive,primary,376662588,167495.58,-2564565.92,0,711166,711166,EXTERNAL_EXIT
935,Itchy Koo Park,2,Larapinta Drive,primary,376662588,166477.35,-2564925.81,0,711166,711166,EXTERNAL_EXIT
935,Itchy Koo Park,3,,service,457648445,167167.62,-2564543.19,0,711166,711166,EXTERNAL_EXIT
923,Iteyepintye,1,Larapinta Drive,primary,376662588,161996.06,-2566037.52,0,711141,711141,EXTERNAL_EXIT
923,Iteyepintye,2,Larapinta Drive,primary,376662588,161009.67,-2566160.16,0,711141,711141,EXTERNAL_EXIT
923,Iteyepintye,3,,unclassified,448898318,162086.62,-2564515.59,137,7,711141,LOCAL_OR_DEAD_END
923,Iteyepintye,4,,residential,448898306,162392.34,-2565146.66,92,20,711141,LOCAL_OR_DEAD_END
923,Iteyepintye,5,,residential,448898308,162392.37,-2565147.15,92,20,711141,LOCAL_OR_DEAD_END
923,Iteyepintye,6,,residential,448898307,162392.31,-2565145.95,92,20,711141,LOCAL_OR_DEAD_END
924,Itperlyenge,1,Larapinta Drive,primary,376662588,162887.7,-2566063.13,0,711119,711119,EXTERNAL_EXIT
924,Itperlyenge,2,Larapinta Drive,primary,376662588,162078.26,-2566032.33,0,711119,711119,EXTERNAL_EXIT
924,Itperlyenge,3,,service,1030834933,162883.31,-2566064.7,73,33,711119,LOCAL_OR_DEAD_END
924,Itperlyenge,4,,track,1246945074,162721.84,-2566113.31,73,33,711119,LOCAL_OR_DEAD_END
924,Itperlyenge,5,,unclassified,448898024,161717.16,-2565733.19,0,711119,711119,EXTERNAL_EXIT
924,Itperlyenge,6,,unclassified,448898024,161537.36,-2565334.64,83,27,711119,LOCAL_OR_DEAD_END
924,Itperlyenge,7,,track_grade1,448898029,161585.63,-2565496.74,0,711119,711119,EXTERNAL_EXIT
924,Itperlyenge,8,,unclassified,448898313,161966.78,-2565969.64,0,711119,711119,EXTERNAL_EXIT
924,Itperlyenge,9,,track_grade4,457648460,163505.39,-2564991.19,0,711119,711119,EXTERNAL_EXIT
824,Jemelke,1,,unclassified,776529067,193743.49,-2316602.78,16,328,710921,LOCAL_OR_DEAD_END
824,Jemelke,2,,track,208044571,193749.63,-2316156.86,0,710921,710921,EXTERNAL_EXIT
824,Jemelke,3,,track,208044571,191793.36,-2316568.23,0,710921,710921,EXTERNAL_EXIT
824,Jemelke,4,Stuart Highway,trunk,765978977,193770.44,-2316414.54,0,710921,710921,EXTERNAL_EXIT
824,Jemelke,5,Stuart Highway,trunk,226560891,191861.32,-2316776.56,0,710921,710921,EXTERNAL_EXIT
67,Kaporilya,1,,unclassified,93776005,72821.62,-2584990.33,0,711151,711151,EXTERNAL_EXIT
67,Kaporilya,2,,unclassified,93776005,72595.79,-2585026.15,59,55,711151,LOCAL_OR_DEAD_END
67,Kaporilya,3,,track,93776147,73302,-2584687.65,0,711151,711151,EXTERNAL_EXIT
67,Kaporilya,4,,track,93774164,72163.39,-2584949.58,59,55,711151,LOCAL_OR_DEAD_END
67,Kaporilya,5,,track,93776549,72813.14,-2583064.18,0,711151,711151,EXTERNAL_EXIT
67,Kaporilya,6,Larapinta Drive,primary,182528307,73445.02,-2583581.26,0,711151,711151,EXTERNAL_EXIT
67,Kaporilya,7,Larapinta Drive,primary,182528307,72750.55,-2583048.5,0,711151,711151,EXTERNAL_EXIT
14240,Kulgera,1,Stuart Highway,trunk,1068917571,128413.28,-2798386.87,0,711146,711146,EXTERNAL_EXIT
14240,Kulgera,2,Finke Road,tertiary,186251359,129732.75,-2797065.14,0,711146,711146,EXTERNAL_EXIT
14240,Kulgera,3,Stuart Highway,trunk,1068917572,128344.9,-2796596.62,0,711146,711146,EXTERNAL_EXIT
14240,Kulgera,4,,track,1030660779,127859.37,-2797206.99,116,12,711146,LOCAL_OR_DEAD_END
14240,Kulgera,5,Old Alignment,track_grade3,764347070,128830.98,-2796475.67,0,711146,711146,EXTERNAL_EXIT
14240,Kulgera,6,,track,1030660782,129677.02,-2796959.23,112,13,711146,LOCAL_OR_DEAD_END
391,Kungarrewarl,1,Maningrida Access,secondary,198378947,116001.13,-1302231.64,0,711000,711000,EXTERNAL_EXIT
391,Kungarrewarl,2,Maningrida Access,secondary,198378947,117813.32,-1301487.35,0,711000,711000,EXTERNAL_EXIT
391,Kungarrewarl,3,,track_grade3,444247568,117578.76,-1302846.36,22,221,711000,LOCAL_OR_DEAD_END
391,Kungarrewarl,4,,track_grade2,444247581,117981.45,-1302078.54,22,221,711000,LOCAL_OR_DEAD_END
391,Kungarrewarl,5,,tertiary,241565361,116714.03,-1301082.37,0,711000,711000,EXTERNAL_EXIT
718,Kuy,1,,track_grade3,323262310,-261673.59,-1488827.67,0,711271,711271,EXTERNAL_EXIT
925,Kwale Kwale,1,Larapinta Drive,primary,376662588,158287.25,-2566615.11,0,711175,711175,EXTERNAL_EXIT
925,Kwale Kwale,2,Larapinta Drive,primary,376662588,159575.53,-2566431.66,0,711175,711175,EXTERNAL_EXIT
925,Kwale Kwale,3,,track_grade4,450575012,157866.98,-2565485.64,0,711175,711175,EXTERNAL_EXIT
14359,Larrimah,1,,track_grade2,595075919,130472.79,-1654942.89,105,15,711071,LOCAL_OR_DEAD_END
14359,Larrimah,2,Stuart Highway,trunk,482759391,131847.03,-1656281.65,0,711071,711071,EXTERNAL_EXIT
14359,Larrimah,3,,unclassified,592021725,131253.07,-1654417.02,153,5,711071,LOCAL_OR_DEAD_END
14359,Larrimah,4,Stuart Highway,trunk,765978972,130985.38,-1654483.29,0,711071,711071,EXTERNAL_EXIT
14359,Larrimah,5,Larrimah Western Creek Road,unclassified,328316986,130713.15,-1656176.78,0,711071,711071,EXTERNAL_EXIT
856,Lizard Bore,1,Gary Junction Road,tertiary,189318493,-86850.59,-2511972.47,0,711275,711275,EXTERNAL_EXIT
856,Lizard Bore,2,Gary Junction Road,tertiary,189318493,-88645.3,-2512535.47,0,711275,711275,EXTERNAL_EXIT
614,Lul-Tju,1,Parnta Access Road,unclassified,188736186,-148929.37,-1965636.87,48,79,711190,LOCAL_OR_DEAD_END
614,Lul-Tju,2,Parnta Access Road,unclassified,188736186,-148233.79,-1963765.81,0,711190,711190,EXTERNAL_EXIT
94,Lyilyalanama,1,,track,93781350,75537.27,-2585730.04,149,5,711151,LOCAL_OR_DEAD_END
94,Lyilyalanama,2,,track,93781350,75498.09,-2585753.52,149,5,711151,LOCAL_OR_DEAD_END
94,Lyilyalanama,3,,unclassified,93776005,74049.35,-2585159.78,0,711151,711151,EXTERNAL_EXIT
94,Lyilyalanama,4,,track,93780622,76007.51,-2584843.37,0,711151,711151,EXTERNAL_EXIT
94,Lyilyalanama,5,Larapinta Drive,primary,1068740878,76008.63,-2584897.79,0,711151,711151,EXTERNAL_EXIT
94,Lyilyalanama,6,,track,93776147,74068.3,-2584547.44,0,711151,711151,EXTERNAL_EXIT
94,Lyilyalanama,7,,track,93776549,74541.5,-2583998.39,0,711151,711151,EXTERNAL_EXIT
94,Lyilyalanama,8,Larapinta Drive,primary,182528307,74382.16,-2584103.65,0,711151,711151,EXTERNAL_EXIT
897,Mandedjkadjang,1,,unclassified,447934882,225174.61,-1295767.32,28,139,711131,LOCAL_OR_DEAD_END
897,Mandedjkadjang,2,,unclassified,447934882,226035.65,-1294741.18,0,711131,711131,EXTERNAL_EXIT
23547,Mataranka,1,Stuart Highway,trunk,765978968,116371.67,-1584663.88,0,710824,710824,EXTERNAL_EXIT
23547,Mataranka,2,,track,262978366,116234.96,-1584719.26,0,710824,710824,EXTERNAL_EXIT
23547,Mataranka,3,,service,453949962,115183.68,-1584427.19,0,710824,710824,EXTERNAL_EXIT
23547,Mataranka,4,Carew Road,unclassified,117058672,115439.97,-1584635.55,0,710824,710824,EXTERNAL_EXIT
23547,Mataranka,5,,service,334320944,115140.97,-1583157.64,124,10,710824,LOCAL_OR_DEAD_END
23547,Mataranka,6,,service,334320944,114998.29,-1584119.26,124,10,710824,LOCAL_OR_DEAD_END
23547,Mataranka,7,,service,334320944,115003.05,-1584132.57,0,710824,710824,EXTERNAL_EXIT
23547,Mataranka,8,,track,262978377,116907.66,-1583547.43,164,3,710824,LOCAL_OR_DEAD_END
23547,Mataranka,9,,track,262978352,116824.86,-1583316.39,159,4,710824,LOCAL_OR_DEAD_END
23547,Mataranka,10,Roper Terrace,trunk,482759395,115225.58,-1583059.65,0,710824,710824,EXTERNAL_EXIT
23547,Mataranka,11,Martin Road,tertiary,462105405,116687.52,-1583111.86,30,132,710824,LOCAL_OR_DEAD_END
23547,Mataranka,12,,track,262978380,116580.58,-1583005.58,30,132,710824,LOCAL_OR_DEAD_END
872,Merral Ntarrakala,1,,service,1223940756,82916.25,-2582055.44,0,711217,711217,EXTERNAL_EXIT
872,Merral Ntarrakala,2,,track,93786570,82541.58,-2581562.58,0,711217,711217,EXTERNAL_EXIT
872,Merral Ntarrakala,3,,track,93782790,83519.97,-2580235.2,0,711217,711217,EXTERNAL_EXIT
872,Merral Ntarrakala,4,,unclassified,93787034,83544.83,-2582230.51,0,711217,711217,EXTERNAL_EXIT
872,Merral Ntarrakala,5,,unclassified,93787034,83969.47,-2582107.33,0,711217,711217,EXTERNAL_EXIT
106,Motna's,1,Palm Valley Track,unclassified,33920888,77882.21,-2586099.46,0,711130,711130,EXTERNAL_EXIT
106,Motna's,2,Larapinta Drive,primary,227896715,78497.05,-2585185.1,0,711130,711130,EXTERNAL_EXIT
106,Motna's,3,,track,93780622,76573.69,-2584793.64,0,711130,711130,EXTERNAL_EXIT
106,Motna's,4,,unclassified,208044600,78440.75,-2584848.1,0,711130,711130,EXTERNAL_EXIT
106,Motna's,5,Larapinta Drive,primary,1068740878,76499.39,-2585137.33,0,711130,711130,EXTERNAL_EXIT
106,Motna's,6,Kaltjarrinja Street,residential,208044535,78387.57,-2584722.45,0,711130,711130,EXTERNAL_EXIT
106,Motna's,7,,service,1223940748,78163.79,-2584432.48,0,711130,711130,EXTERNAL_EXIT
106,Motna's,8,,service,776784284,78181.65,-2584448.67,0,711130,711130,EXTERNAL_EXIT
106,Motna's,9,,service,1223940750,78146.96,-2584417.22,0,711130,711130,EXTERNAL_EXIT
106,Motna's,10,Raberaba Circuit,residential,172293679,77988.01,-2584306.1,0,711130,711130,EXTERNAL_EXIT
106,Motna's,11,Raberaba Circuit,residential,172293679,78229.11,-2584496.52,0,711130,711130,EXTERNAL_EXIT
106,Motna's,12,,track,93783958,77563.95,-2584179.82,0,711130,711130,EXTERNAL_EXIT
875,Mount Twellar,1,,track_grade4,446455293,164863.52,-2539819.04,0,711272,711272,EXTERNAL_EXIT
380,Mudginberri,1,,residential,452818436,95885.6,-1330275.73,59,52,711134,LOCAL_OR_DEAD_END
380,Mudginberri,2,,residential,452826153,95657.76,-1329062.25,0,711134,711134,EXTERNAL_EXIT
801,Mumukala,1,,unclassified,324991226,73620.46,-1331868.56,0,711229,711229,EXTERNAL_EXIT
801,Mumukala,2,,track_grade5,452375172,73514.46,-1329884.15,103,16,711229,LOCAL_OR_DEAD_END
648,Muruning,1,Victoria Highway,trunk,134014740,-163846.97,-1667647.44,0,710872,710872,EXTERNAL_EXIT
648,Muruning,2,,track_grade3,369735768,-163319.88,-1665723.05,0,710872,710872,EXTERNAL_EXIT
648,Muruning,3,,track_grade3,369735768,-163057.35,-1667581.39,17,272,710872,LOCAL_OR_DEAD_END
648,Muruning,4,Victoria Highway,trunk,320186826,-163880.84,-1665764.9,0,710872,710872,EXTERNAL_EXIT
648,Muruning,5,,track,320186821,-164194.37,-1665954.43,0,710872,710872,EXTERNAL_EXIT
678,Myatt,1,Victoria Highway,trunk,134014740,-163838.72,-1669166.31,0,710965,710965,EXTERNAL_EXIT
678,Myatt,2,Victoria Highway,trunk,134014740,-163925.83,-1671092.94,0,710965,710965,EXTERNAL_EXIT
678,Myatt,3,,track_grade3,369735768,-163308.77,-1671090.55,33,124,710965,LOCAL_OR_DEAD_END
678,Myatt,4,,track_grade3,369735768,-163193.68,-1669238.39,0,710965,710965,EXTERNAL_EXIT
886,Nadilmuk,1,,track,213563072,254879.03,-1266894.5,0,711274,711274,EXTERNAL_EXIT
770,Ntakarra,1,,track,93777079,68883.76,-2578068.3,128,9,710704,LOCAL_OR_DEAD_END
770,Ntakarra,2,,track,93777079,69200.18,-2578266.86,128,9,710704,LOCAL_OR_DEAD_END
770,Ntakarra,3,,track,93777079,69517.58,-2578928.45,0,710704,710704,EXTERNAL_EXIT
770,Ntakarra,4,,track_grade4,448801069,69413.08,-2579449.36,0,710704,710704,EXTERNAL_EXIT
770,Ntakarra,5,,track_grade3,446597492,68425.24,-2578004.03,12,531,710704,LOCAL_OR_DEAD_END
770,Ntakarra,6,No Entry (Aboriginal Freehold),unclassified,440566916,67530.7,-2578868.78,0,710704,710704,EXTERNAL_EXIT
770,Ntakarra,7,No Entry (Aboriginal Freehold),unclassified,440566916,68048.89,-2578117.87,12,531,710704,LOCAL_OR_DEAD_END
770,Ntakarra,8,,track_grade3,456567646,67632.47,-2578542.03,12,531,710704,LOCAL_OR_DEAD_END
770,Ntakarra,9,,track,446597493,68862.73,-2578060.77,12,531,710704,LOCAL_OR_DEAD_END
281,Paradise Farm,1,Kakadu Highway,secondary,506830569,59655.01,-1366851.02,0,711276,711276,EXTERNAL_EXIT
281,Paradise Farm,2,,track,330896188,59509.22,-1367093.51,0,711276,711276,EXTERNAL_EXIT
281,Paradise Farm,3,Kakadu Highway,secondary,449694095,59661.54,-1366088.71,0,711276,711276,EXTERNAL_EXIT
926,Payeperrentye (B),1,,unclassified,450575036,157507.14,-2566711.29,0,711171,711171,EXTERNAL_EXIT
926,Payeperrentye (B),2,,unclassified,450575038,157795.15,-2565290.19,82,27,711171,LOCAL_OR_DEAD_END
926,Payeperrentye (B),3,,track_grade4,450575012,157910.85,-2565508.26,0,711171,711171,EXTERNAL_EXIT
927,Perte Therre,1,Larapinta Drive,primary,376662588,167015.69,-2564700.88,0,711086,711086,EXTERNAL_EXIT
927,Perte Therre,2,Larapinta Drive,primary,376662588,165289.8,-2565247.95,0,711086,711086,EXTERNAL_EXIT
927,Perte Therre,3,,unclassified,448897354,166994.43,-2564812.7,35,109,711086,LOCAL_OR_DEAD_END
927,Perte Therre,4,,track_grade3,457648443,167009.97,-2564404.45,0,711086,711086,EXTERNAL_EXIT
927,Perte Therre,5,,track_grade3,457648458,165039.68,-2564408,0,711086,711086,EXTERNAL_EXIT
927,Perte Therre,6,,track_grade4,457648460,165036.3,-2564713.07,0,711086,711086,EXTERNAL_EXIT
133,Phillipson Bore,1,,track_grade4,778299207,245453.27,-2603594.1,180,1,710935,LOCAL_OR_DEAD_END
133,Phillipson Bore,2,,unclassified,376369383,243581.05,-2604118.36,0,710935,710935,EXTERNAL_EXIT
17626,Pine Creek,1,Jollys Dam Road,unclassified,588231908,-18369.94,-1463687.11,0,710363,710363,EXTERNAL_EXIT
17626,Pine Creek,2,Stuart Highway,trunk,172802719,-17331.48,-1463312.04,0,710363,710363,EXTERNAL_EXIT
17626,Pine Creek,3,Stuart Highway,trunk,172802719,-18496.93,-1461785.94,0,710363,710363,EXTERNAL_EXIT
17626,Pine Creek,4,,track,591367291,-17997.57,-1463706.26,0,710363,710363,EXTERNAL_EXIT
17626,Pine Creek,5,,track,591367291,-17462.41,-1463456.48,0,710363,710363,EXTERNAL_EXIT
17626,Pine Creek,6,Chinatown Road,unclassified,29251848,-17685.02,-1463609.48,0,710363,710363,EXTERNAL_EXIT
17626,Pine Creek,7,,unclassified,374774863,-18874.97,-1463385.83,15,337,710363,LOCAL_OR_DEAD_END
17626,Pine Creek,8,,unclassified,374774863,-18680.49,-1463553.27,128,9,710363,LOCAL_OR_DEAD_END
17626,Pine Creek,9,,track,588231905,-18372.61,-1463686.44,0,710363,710363,EXTERNAL_EXIT
17626,Pine Creek,10,,track,776211433,-18333.78,-1463696.17,0,710363,710363,EXTERNAL_EXIT
17626,Pine Creek,11,,track,588231896,-17137.68,-1462802.69,0,710363,710363,EXTERNAL_EXIT
17626,Pine Creek,12,Enterprise Road,unclassified,29251901,-19116.49,-1462536.76,15,337,710363,LOCAL_OR_DEAD_END
17626,Pine Creek,13,Main Terrace,tertiary,4880472,-18772.17,-1461947.6,0,710363,710363,EXTERNAL_EXIT
17626,Pine Creek,14,,track,588231891,-17613.56,-1461863.83,0,710363,710363,EXTERNAL_EXIT
17626,Pine Creek,15,,track,588231891,-17282.58,-1463239.9,0,710363,710363,EXTERNAL_EXIT
17626,Pine Creek,16,Eleanor Road,unclassified,29251900,-19033.98,-1462284.65,0,710363,710363,EXTERNAL_EXIT
17626,Pine Creek,17,,service,400422582,-17148.27,-1462551.21,0,710363,710363,EXTERNAL_EXIT
17626,Pine Creek,18,,service,401114270,-17448.77,-1461989.26,0,710363,710363,EXTERNAL_EXIT
17626,Pine Creek,19,Kakadu Highway,secondary,401282482,-18408.18,-1461755.85,0,710363,710363,EXTERNAL_EXIT
861,Rutjingka,1,,service,458816409,82642.13,-2582268.03,0,711249,711249,EXTERNAL_EXIT
861,Rutjingka,2,,service,1223940756,83134.35,-2581384.44,0,711249,711249,EXTERNAL_EXIT
861,Rutjingka,3,,service,1223940756,82929.49,-2582013.32,0,711249,711249,EXTERNAL_EXIT
861,Rutjingka,4,,track,93786695,83050.93,-2581807.73,0,711249,711249,EXTERNAL_EXIT
18964,Ti Tree,1,Stuart Highway,trunk,226560889,145205.72,-2383025.64,0,710988,710988,EXTERNAL_EXIT
18964,Ti Tree,2,,track_grade3,777720840,144068.84,-2382455.1,0,710988,710988,EXTERNAL_EXIT
18964,Ti Tree,3,Nturiya Road,unclassified,215104253,144125,-2382563.17,0,710988,710988,EXTERNAL_EXIT
18964,Ti Tree,4,Stuart Highway,trunk,226560878,145129.23,-2381063.76,0,710988,710988,EXTERNAL_EXIT
18964,Ti Tree,5,,track_grade3,215056707,145735.48,-2382708.78,0,710988,710988,EXTERNAL_EXIT
18974,Timber Creek,1,,track_grade3,369735768,-163261.34,-1665977.95,15,337,710767,LOCAL_OR_DEAD_END
18974,Timber Creek,2,Victoria Highway,trunk,320186826,-164157.25,-1664315.9,0,710767,710767,EXTERNAL_EXIT
18974,Timber Creek,3,Victoria Highway,trunk,320186826,-163700.08,-1666256.52,0,710767,710767,EXTERNAL_EXIT
18974,Timber Creek,4,,track,320186821,-164723.51,-1664616.64,0,710767,710767,EXTERNAL_EXIT
18974,Timber Creek,5,Heritage Walk,track_grade3,335663517,-164083.83,-1664306.07,130,8,710767,LOCAL_OR_DEAD_END
18974,Timber Creek,6,,unclassified,29397071,-164120.62,-1664310.46,130,8,710767,LOCAL_OR_DEAD_END
149,Tjamangkurra,1,,track,1223940771,81744.24,-2588100.87,90,23,711192,LOCAL_OR_DEAD_END
149,Tjamangkurra,2,,track_grade3,459803622,81462.98,-2586415.24,0,711192,711192,EXTERNAL_EXIT
149,Tjamangkurra,3,,track,1223940773,80568.09,-2586493.42,0,711192,711192,EXTERNAL_EXIT
149,Tjamangkurra,4,,unclassified,93640275,82083.92,-2587467.47,0,711192,711192,EXTERNAL_EXIT
149,Tjamangkurra,5,,unclassified,93640275,80298.95,-2586736.93,0,711192,711192,EXTERNAL_EXIT
149,Tjamangkurra,6,,track,93782539,81645.02,-2586510.17,0,711192,711192,EXTERNAL_EXIT
762,Tjintirtjintirpa,1,,track_grade3,777988300,-73692.12,-2511778.42,12,495,710744,LOCAL_OR_DEAD_END
762,Tjintirtjintirpa,2,,track,399080181,-74142.46,-2509831.91,0,710744,710744,EXTERNAL_EXIT
762,Tjintirtjintirpa,3,,track,143122348,-74022.64,-2509808.11,0,710744,710744,EXTERNAL_EXIT
928,Tnerte,1,Larapinta Drive,primary,376662588,172599.02,-2563115.27,0,711049,711049,EXTERNAL_EXIT
928,Tnerte,2,Larapinta Drive,primary,376662588,174024.02,-2562559.21,0,711049,711049,EXTERNAL_EXIT
928,Tnerte,3,,track,1266217945,174074.39,-2562589.4,0,711049,711049,EXTERNAL_EXIT
928,Tnerte,4,,track,1266217945,172577.23,-2563189,0,711049,711049,EXTERNAL_EXIT
928,Tnerte,5,,residential,440540132,174516.95,-2563206.57,70,38,711049,LOCAL_OR_DEAD_END
928,Tnerte,6,,residential,440540124,174503.81,-2563154.12,70,38,711049,LOCAL_OR_DEAD_END
928,Tnerte,7,,unclassified,448647005,172687.5,-2562924.17,0,711049,711049,EXTERNAL_EXIT
928,Tnerte,8,,residential,377597055,174277.74,-2562757.79,0,711049,711049,EXTERNAL_EXIT
928,Tnerte,9,,residential,1485872461,172816.77,-2562752.57,0,711049,711049,EXTERNAL_EXIT
928,Tnerte,10,,residential,1485872459,172896.05,-2562676.58,0,711049,711049,EXTERNAL_EXIT
928,Tnerte,11,,unclassified,1486468931,172921.02,-2562655.68,0,711049,711049,EXTERNAL_EXIT
928,Tnerte,12,,unclassified,1485326896,173104.03,-2562540.13,0,711049,711049,EXTERNAL_EXIT
928,Tnerte,13,,track,1485872454,173330.69,-2562460.5,0,711049,711049,EXTERNAL_EXIT
155,Tnyimipurta,1,,track_grade3,446597492,68619.39,-2578045.85,0,711251,711251,EXTERNAL_EXIT
155,Tnyimipurta,2,No Entry (Aboriginal Freehold),unclassified,440566916,67293.88,-2579126.82,0,711251,711251,EXTERNAL_EXIT
155,Tnyimipurta,3,No Entry (Aboriginal Freehold),unclassified,440566916,68412.99,-2577564.82,0,711251,711251,EXTERNAL_EXIT
929,Twetye (A),1,Larapinta Drive,primary,376662588,173020.29,-2562963.47,0,710920,710920,EXTERNAL_EXIT
929,Twetye (A),2,Larapinta Drive,primary,376662588,171392.64,-2563388.57,0,710920,710920,EXTERNAL_EXIT
929,Twetye (A),3,,track,1248088754,171330.01,-2563325.33,0,710920,710920,EXTERNAL_EXIT
929,Twetye (A),4,,track,1266217945,172992.43,-2563040.34,0,710920,710920,EXTERNAL_EXIT
929,Twetye (A),5,,track,1266217945,171445.31,-2563434.72,0,710920,710920,EXTERNAL_EXIT
929,Twetye (A),6,,residential,448646988,171112.61,-2562942.89,0,710920,710920,EXTERNAL_EXIT
929,Twetye (A),7,,residential,448646987,173032.1,-2562924.34,0,710920,710920,EXTERNAL_EXIT
929,Twetye (A),8,,track,1246973499,171097.1,-2562881.01,128,10,710920,LOCAL_OR_DEAD_END
929,Twetye (A),9,,service,459875684,171084.29,-2562816.21,139,7,710920,LOCAL_OR_DEAD_END
929,Twetye (A),10,,service,459875684,171083.72,-2562812.4,182,1,710920,LOCAL_OR_DEAD_END
929,Twetye (A),11,,track,1485872458,173058.86,-2562795.39,0,710920,710920,EXTERNAL_EXIT
929,Twetye (A),12,,unclassified,1485326896,172871.55,-2562058.58,0,710920,710920,EXTERNAL_EXIT
929,Twetye (A),13,,unclassified,1485326896,173050.79,-2562849.71,0,710920,710920,EXTERNAL_EXIT
929,Twetye (A),14,,track,1486469774,172663.24,-2561850.97,59,56,710920,LOCAL_OR_DEAD_END
930,Twetye (B),1,Larapinta Drive,primary,376662588,170487.88,-2563677.03,0,711081,711081,EXTERNAL_EXIT
930,Twetye (B),2,Larapinta Drive,primary,376662588,172106.28,-2563229.11,0,711081,711081,EXTERNAL_EXIT
930,Twetye (B),3,,unclassified,1182599331,170404.93,-2563593.95,0,711081,711081,EXTERNAL_EXIT
930,Twetye (B),4,,residential,448647003,170168.26,-2563105.5,182,1,711081,LOCAL_OR_DEAD_END
930,Twetye (B),5,,track,1266217945,170539.2,-2563720.01,0,711081,711081,EXTERNAL_EXIT
930,Twetye (B),6,,track,1266217945,172084.13,-2563291.02,0,711081,711081,EXTERNAL_EXIT
930,Twetye (B),7,,residential,1486469778,170168.33,-2563105.92,183,1,711081,LOCAL_OR_DEAD_END
930,Twetye (B),8,,residential,448646988,170207.77,-2563256.55,175,2,711081,LOCAL_OR_DEAD_END
930,Twetye (B),9,,track,1182599045,170156.88,-2563028.13,132,8,711081,LOCAL_OR_DEAD_END
930,Twetye (B),10,,unclassified,448647004,172129.13,-2563141.21,0,711081,711081,EXTERNAL_EXIT
930,Twetye (B),11,,residential,1486468943,172110.57,-2562646.83,0,711081,711081,EXTERNAL_EXIT
931,Tywenpe (A),1,,track,1485567483,175482.9,-2560929.16,0,710802,710802,EXTERNAL_EXIT
931,Tywenpe (A),2,,residential,460002184,174993.45,-2561989.95,0,710802,710802,EXTERNAL_EXIT
931,Tywenpe (A),3,Darken Drive,unclassified,69358288,175351.95,-2561644.29,0,710802,710802,EXTERNAL_EXIT
931,Tywenpe (A),4,,track,1485872453,173725.98,-2561751.29,0,710802,710802,EXTERNAL_EXIT
931,Tywenpe (A),5,Darken Drive,unclassified,69358286,174869.78,-2560191.28,20,237,710802,LOCAL_OR_DEAD_END
933,Tywenpe (C),1,Larapinta Drive,primary,376662588,169655.93,-2563837.02,0,711096,711096,EXTERNAL_EXIT
933,Tywenpe (C),2,Larapinta Drive,primary,376662588,171230.35,-2563424.81,0,711096,711096,EXTERNAL_EXIT
933,Tywenpe (C),3,,unclassified,448886137,169679.4,-2563855.47,0,711096,711096,EXTERNAL_EXIT
933,Tywenpe (C),4,,track,1266217944,169675.63,-2563852.67,0,711096,711096,EXTERNAL_EXIT
933,Tywenpe (C),5,,residential,448885372,170940,-2563834.57,112,13,711096,LOCAL_OR_DEAD_END
933,Tywenpe (C),6,,unclassified,1182599331,169597.85,-2563784.39,0,711096,711096,EXTERNAL_EXIT
933,Tywenpe (C),7,,track,1248088754,171259.41,-2563336.61,0,711096,711096,EXTERNAL_EXIT
933,Tywenpe (C),8,,track,1266217945,169782.81,-2563926.22,0,711096,711096,EXTERNAL_EXIT
933,Tywenpe (C),9,,track,1266217945,171203.13,-2563489.1,0,711096,711096,EXTERNAL_EXIT
933,Tywenpe (C),10,,unclassified,448647002,171291.29,-2562968.31,0,711096,711096,EXTERNAL_EXIT
933,Tywenpe (C),11,,unclassified,1486469776,171279.17,-2562886.62,0,711096,711096,EXTERNAL_EXIT
934,Tywenpe (D),1,,track,1266217945,168610.98,-2564351.47,0,711221,711221,EXTERNAL_EXIT
934,Tywenpe (D),2,,unclassified,460008793,168479.38,-2564371.02,0,711221,711221,EXTERNAL_EXIT
760,Ulambara,1,,track,783468122,-6887.33,-2508798.86,0,711209,711209,EXTERNAL_EXIT
760,Ulambara,2,,unclassified,143126491,-6912.17,-2510585.79,0,711209,711209,EXTERNAL_EXIT
760,Ulambara,3,,unclassified,143126491,-7253.5,-2508691.03,0,711209,711209,EXTERNAL_EXIT
760,Ulambara,4,,track_grade2,777731426,-8234.66,-2509227.74,0,711209,711209,EXTERNAL_EXIT
760,Ulambara,5,,unclassified,143126484,-7486.75,-2508697.5,0,711209,711209,EXTERNAL_EXIT
760,Ulambara,6,,track_grade4,143126463,-7688.82,-2508748.05,0,711209,711209,EXTERNAL_EXIT
162,Ulpanyali,1,,unclassified,93652317,-49279.67,-2616993.87,0,711260,711260,EXTERNAL_EXIT
162,Ulpanyali,2,,unclassified,1545739698,-49173.33,-2616675.42,0,711260,711260,EXTERNAL_EXIT
772,Ulpunda,1,Palm Valley Track,unclassified,33920888,77877.72,-2586398.12,0,711212,711212,EXTERNAL_EXIT
772,Ulpunda,2,Larapinta Drive,primary,227896710,78100.33,-2585421.65,0,711212,711212,EXTERNAL_EXIT
772,Ulpunda,3,,track,93780622,76758.72,-2584796.64,0,711212,711212,EXTERNAL_EXIT
772,Ulpunda,4,Larapinta Drive,primary,1068740878,76378.11,-2585078.13,0,711212,711212,EXTERNAL_EXIT
711,Undoolya Bore,1,,unclassified,321973983,214620.5,-2563870.58,0,711205,711205,EXTERNAL_EXIT
711,Undoolya Bore,2,,track,884877420,214611.05,-2563832.88,0,711205,711205,EXTERNAL_EXIT
711,Undoolya Bore,3,Ross Highway,secondary,803493621,214620.41,-2564312.68,0,711205,711205,EXTERNAL_EXIT
711,Undoolya Bore,4,Ross Highway,secondary,803493621,213908.58,-2565055.38,0,711205,711205,EXTERNAL_EXIT
711,Undoolya Bore,5,Binns Track,track,182885003,214098.49,-2564982.4,179,1,711205,LOCAL_OR_DEAD_END
908,Wakurlpu,1,Stuart Highway,trunk,484620382,230144.6,-2217349.91,0,711205,711205,EXTERNAL_EXIT
908,Wakurlpu,2,,track,260732745,230056.5,-2217389.1,0,711205,711205,EXTERNAL_EXIT
908,Wakurlpu,3,,service,75521499,230240.34,-2217295.33,0,711205,711205,EXTERNAL_EXIT
908,Wakurlpu,4,,service,226561111,230206.65,-2217315.52,0,711205,711205,EXTERNAL_EXIT
908,Wakurlpu,5,,track_grade3,770265842,230285.11,-2217263.64,0,711205,711205,EXTERNAL_EXIT
908,Wakurlpu,6,,track_grade3,770265842,230413.46,-2217152.49,106,15,711205,LOCAL_OR_DEAD_END
908,Wakurlpu,7,Stuart Highway,trunk,121502786,229877.44,-2215474.79,0,711205,711205,EXTERNAL_EXIT
908,Wakurlpu,8,,track,260732749,228829.89,-2215958.68,0,711205,711205,EXTERNAL_EXIT
178,Wanmarra,1,,unclassified,460910527,-19282.26,-2634972.64,0,711247,711247,EXTERNAL_EXIT
180,Warumpi,1,Warumpi Road,unclassified,189318505,-3429.22,-2499804.4,0,711267,711267,EXTERNAL_EXIT
180,Warumpi,2,,track,189318555,-2430.99,-2500385.3,0,711267,711267,EXTERNAL_EXIT
877,Wataru,1,Private Road,residential,187125445,-293118.91,-2690833.35,0,711105,711105,EXTERNAL_EXIT
877,Wataru,2,Tjukaruru Road,primary,740132681,-293089.97,-2690805.64,0,711105,711105,EXTERNAL_EXIT
877,Wataru,3,Tjukaruru Road,primary,740132681,-294743.41,-2690447.77,35,107,711105,LOCAL_OR_DEAD_END
877,Wataru,4,,track,399509192,-294409.33,-2689311.83,35,107,711105,LOCAL_OR_DEAD_END
952,Wiitin,1,,service,794399115,232915.21,-2095905.93,0,711186,711186,EXTERNAL_EXIT
952,Wiitin,2,,track_grade3,777660554,232914.24,-2095903.24,0,711186,711186,EXTERNAL_EXIT
952,Wiitin,3,,track,320682478,234753.93,-2095130.65,55,65,711186,LOCAL_OR_DEAD_END
432,Wilgi,1,,track_grade2,645135715,84085.3,-1210751.2,0,711153,711153,EXTERNAL_EXIT
432,Wilgi,2,,track,460114484,84528.28,-1210119.84,152,5,711153,LOCAL_OR_DEAD_END
275,Wollogorang,1,Westmoreland Road,tertiary,1073522132,638868.73,-1850121.59,145,6,711238,LOCAL_OR_DEAD_END
275,Wollogorang,2,,track,206879316,638759.87,-1849996.73,127,9,711238,LOCAL_OR_DEAD_END
275,Wollogorang,3,Wollogorang Road,tertiary,344919584,637412.45,-1849959.87,0,711238,711238,EXTERNAL_EXIT
707,Wunara,1,,service,154686853,481480.26,-2150785.46,0,711221,711221,EXTERNAL_EXIT
707,Wunara,2,Barkly Highway,trunk,794399113,480498.18,-2150791.67,0,711221,711221,EXTERNAL_EXIT
707,Wunara,3,Barkly Highway,trunk,794399113,481363.32,-2150729.91,0,711221,711221,EXTERNAL_EXIT
817,Wurlbu,1,Carpentaria Highway,primary,174189789,461201.14,-1718280.17,0,711242,711242,EXTERNAL_EXIT
817,Wurlbu,2,Carpentaria Highway,primary,174189789,460238.08,-1718242.77,0,711242,711242,EXTERNAL_EXIT
569,Yanungbi,1,Scout Camp Road,unclassified,47067247,516000.69,-1305047.05,0,711154,711154,EXTERNAL_EXIT
569,Yanungbi,2,Scout Camp Road,unclassified,47067247,515102.09,-1303754.13,38,101,711154,LOCAL_OR_DEAD_END
939,Yartalu Yartalu,1,,service,320600156,-169610.43,-2208457.17,0,711276,711276,EXTERNAL_EXIT
