Community_ID,Community,exit_number,osm_id,road_name,fclass,exit_x,exit_y
202,Ali Curung,1,776439236,,unclassified,248377.68531280913,-2259112.6309265993
202,Ali Curung,2,320750392,,tertiary,249103.0273266364,-2259007.523284772
202,Ali Curung,3,422803474,,unclassified,248034.07648678735,-2258959.048793416
202,Ali Curung,4,226561078,,secondary,247610.57226597212,-2258066.409105163
202,Ali Curung,5,776436217,,track_grade3,249574.85751922033,-2258386.8527782625
202,Ali Curung,6,776435809,,track_grade2,249587.34794841096,-2258336.9881897783
202,Ali Curung,7,745856602,,unclassified,247777.95469391192,-2257581.4789575115
202,Ali Curung,8,776429711,,unclassified,248006.19769870606,-2257342.432868188
202,Ali Curung,9,776429711,,unclassified,248218.27657391137,-2257219.3501388817
202,Ali Curung,10,776436718,,unclassified,249341.4907537311,-2257463.578742647
202,Ali Curung,11,770259789,,unclassified,248668.73538550813,-2257143.438622011
203,Alpurrurulam,1,174644417,Sandover Highway,secondary,603668.000245489,-2268458.7762857005
203,Alpurrurulam,2,193262421,Awerr Awerr Road,unclassified,603099.7126542117,-2268089.8240065225
203,Alpurrurulam,3,193262436,,residential,602918.0267184069,-2267277.670362981
203,Alpurrurulam,4,193262439,,track,604830.0816430752,-2267133.4118018257
203,Alpurrurulam,5,193262439,,track,603551.2592478709,-2268423.7468816866
203,Alpurrurulam,6,44153673,,residential,602919.8500159127,-2267270.3913513133
203,Alpurrurulam,7,44153674,,track,603119.4445388974,-2266855.7740139985
203,Alpurrurulam,8,193262428,Sandover Highway,secondary,604890.1983941853,-2267385.006523278
203,Alpurrurulam,9,193262435,,residential,604159.068824373,-2266522.476837015
622,Amanbidji,1,547009820,,track_grade2,-255742.6124451522,-1751897.8213429423
622,Amanbidji,2,99875516,,unclassified,-255444.72504177436,-1749965.3867756317
9,Amoonguna,1,1246968057,,track,195732.65926974578,-2566789.424152935
9,Amoonguna,2,440537533,,track_grade2,195746.82342258564,-2565003.8506546966
9,Amoonguna,3,440537533,,track_grade2,194320.90182441706,-2565656.8007110655
9,Amoonguna,4,202869850,Whitegum Drive,tertiary,195209.89277183538,-2564897.2879836373
10,Ampilatwatja,1,320796762,Aherrenge Road,unclassified,331625.234187383,-2333757.654614078
10,Ampilatwatja,2,777913335,,service,331334.93343609927,-2331832.3680041567
147,Arawerr,1,203344420,,track,291826.90430250124,-2372673.7317466796
147,Arawerr,2,203344391,,unclassified,290645.73412854556,-2371162.9432464647
147,Arawerr,3,440436020,,unclassified,291507.9173227464,-2370747.5859126053
20,Areyonga,1,227775442,Leo Kalleske Drive,tertiary,26347.037442502122,-2599270.2824290427
20,Areyonga,2,1547209441,Kurkunytjingi Road,track,28228.891008861676,-2599032.19705413
42,Atitjere,1,996622971,,track,298937.63343988423,-2480114.555282366
42,Atitjere,2,49026831,Mica Road,unclassified,298195.43750701967,-2479385.144288296
42,Atitjere,3,440596299,,unclassified,297442.07255451335,-2481206.7224953463
458,Baniyala,1,62278261,Port Bradshaw Road,tertiary,464467.99615458684,-1401605.7808247113
580,Barunga,1,441343435,,track_grade4,95163.67554496741,-1540311.8969956671
580,Barunga,2,441343438,,track_grade4,95358.63191720854,-1539900.8546252917
580,Barunga,3,370569896,Central Arnhem Highway,trunk,93450.11720608914,-1539328.8691837988
580,Barunga,4,370583487,Central Arnhem Highway,trunk,94888.48145747498,-1538828.2979538753
294,Belyuen,1,29199417,Cox Peninsula Road,secondary,-144646.01074529908,-1324003.930517367
294,Belyuen,2,441921716,,track_grade3,-143927.9272901165,-1324486.8447847033
294,Belyuen,3,441921721,,track_grade4,-144195.1390947901,-1324409.071631264
294,Belyuen,4,441921735,,track_grade5,-143384.0605788832,-1324413.8429037763
294,Belyuen,5,441921713,,track_grade2,-144557.11425573632,-1324133.2797582785
294,Belyuen,6,441921707,,track_grade3,-142937.35654283813,-1322969.060884066
294,Belyuen,7,371477365,,track_grade4,-144654.79163768128,-1323007.4949873798
294,Belyuen,8,441921708,,track_grade3,-143115.30554487254,-1322756.9698287218
294,Belyuen,9,29199458,Cox Peninsula Road,secondary,-143289.0404131433,-1322630.922653225
582,Binjari,1,327065304,,unclassified,20213.129530934002,-1543184.1526568846
582,Binjari,2,327065304,,unclassified,19238.187457383923,-1541442.0749746915
464,Birany Birany,1,441160861,,track_grade4,492961.87696428143,-1361532.3751032252
586,Bulla,1,331579438,,track_grade3,-212404.18468793502,-1677366.3292572913
586,Bulla,2,475357697,,track,-210418.9457331203,-1677233.2573539678
586,Bulla,3,173590130,Janyima Road,unclassified,-212285.39741451692,-1676713.9867685742
586,Bulla,4,253919737,,service,-212256.8691490077,-1676666.390233062
586,Bulla,5,253919737,,service,-212245.92005933155,-1676649.1836213109
586,Bulla,6,331584995,,track_grade4,-210926.37022235495,-1676339.2881150215
587,Bulman,1,440865218,Central Arnhem Highway,trunk,255007.20770397293,-1447250.056193212
587,Bulman,2,442894491,,unclassified,256484.67149552074,-1448582.9270521426
587,Bulman,3,440865227,,track_grade3,256549.5088028791,-1448516.8303313267
587,Bulman,4,440865226,,track_grade3,256551.69050122597,-1448514.4231981426
587,Bulman,5,440865225,Old Runway,track,256590.58532002862,-1448468.473069886
587,Bulman,6,914602884,Central Arnhem Highway,trunk,256797.9593616672,-1447965.0384687276
219,Canteen Creek,1,320734782,,service,370568.5035716436,-2221205.761030079
219,Canteen Creek,2,712538330,,track,372253.93115166127,-2220383.051908432
219,Canteen Creek,3,311344346,Canteen Creek Road,unclassified,370569.95165782084,-2220994.648594442
591,Daguragu,1,395935213,,track,-126936.25623231022,-1855525.0149010662
591,Daguragu,2,444577914,,unclassified,-127767.381017427,-1857303.5699137729
591,Daguragu,3,770376732,,unclassified,-126185.39758738037,-1856468.8701773994
473,Dhalinybuy,1,475277591,,track_grade3,485988.3050334378,-1318343.0452563297
473,Dhalinybuy,2,475277594,,track_grade3,486369.3741817449,-1316706.3316709946
473,Dhalinybuy,3,444830833,Dhalinybuy Road,unclassified,486638.41789959156,-1317243.2123975698
33,Engawala,1,1389719837,,unclassified,249563.4118650837,-2458040.5189860305
33,Engawala,2,1389719838,Pastoral Road,unclassified,249299.99377907446,-2459908.7473774976
33,Engawala,3,446798746,Cemetery Drive,track_grade2,249734.36762473095,-2460019.8809424536
33,Engawala,4,1389719835,Engawala Access,unclassified,250594.15765011896,-2459571.015589777
36,Finke,1,476916728,,track_grade3,255579.4663858463,-2769408.0487107146
36,Finke,2,1201085700,Old Ghan Heritage Trail,track,255633.5677122963,-2769386.072413778
36,Finke,3,222316945,,track,255245.86491893374,-2769649.2814517636
36,Finke,4,93976612,Finke Road,tertiary,255618.77028412846,-2771250.980542415
36,Finke,5,1201022886,,service,256302.74896267947,-2771268.247241922
36,Finke,6,354811812,,tertiary,256142.77318584805,-2771307.4779539136
498,Gan Gan,1,447666816,,track_grade5,433899.082042357,-1385573.1413255443
498,Gan Gan,2,447666813,,track_grade4,434471.91107739165,-1383696.3308334798
498,Gan Gan,3,174685400,,unclassified,434956.37710330874,-1383882.4180087997
500,Gapuwiyak,1,207544306,Gapuwiyak Road,tertiary,421632.5983684919,-1325938.9159737916
500,Gapuwiyak,2,1220373073,,track,421513.4873939198,-1326030.2588852395
500,Gapuwiyak,3,776466755,Rubbish Dump,service,421967.18207032233,-1325243.8887681745
500,Gapuwiyak,4,1220373109,,track,421630.612586244,-1324442.6829312653
500,Gapuwiyak,5,1220373107,,track,421457.0162849862,-1324319.2923478219
500,Gapuwiyak,6,1335603143,Barge Landing Road,tertiary,420233.4136952009,-1324516.8379404407
319,Gochan Jiny Jirra,1,213565376,,track,271512.84671595215,-1288293.0990515645
319,Gochan Jiny Jirra,2,213565347,,track,273150.91783701984,-1287776.4497751403
319,Gochan Jiny Jirra,3,213565365,,track,271834.53869413486,-1287763.0928844593
329,Gunbalanya,1,198378953,Jabiru Oenpelli Road,tertiary,116038.56080022763,-1300259.4272896838
329,Gunbalanya,2,241565361,,tertiary,116762.00339669452,-1300905.3316091532
329,Gunbalanya,3,241565372,,unclassified,116275.23517830452,-1300638.3627062591
329,Gunbalanya,4,1396715418,,unclassified,116008.00072526882,-1300153.8849134615
329,Gunbalanya,5,1396715417,,unclassified,115994.68290391569,-1300083.4344614504
514,Gunyangara,1,1220020076,,track,521285.2881711317,-1298207.975572851
514,Gunyangara,2,446277111,Dhabuynga Road,living_street,520881.874359267,-1297947.2353164547
514,Gunyangara,3,446277097,,track_grade1,521993.8087068892,-1296340.0008694953
514,Gunyangara,4,253529575,Drimmie Head Road,tertiary,521960.28828606,-1296327.8827677327
514,Gunyangara,5,253529575,Drimmie Head Road,tertiary,521139.4668864982,-1298145.6779145538
514,Gunyangara,6,1220020058,,track,521076.97836652683,-1296418.4126504455
517,Gurrumuru,1,62278260,,unclassified,468410.5518268402,-1337078.7276213078
517,Gurrumuru,2,447980463,,track,467150.2192851471,-1335533.7085254155
517,Gurrumuru,3,447980467,,track_grade5,468617.37007906276,-1335881.6166264773
517,Gurrumuru,4,447980466,,track_grade5,468652.8687777671,-1335956.672318812
41,Haasts Bluff,1,143126469,,unclassified,-12591.780064495963,-2529537.0405475018
41,Haasts Bluff,2,215310464,,unclassified,-12685.765504786605,-2529460.2573187165
41,Haasts Bluff,3,456153323,,service,-11903.141322253861,-2529720.314742284
41,Haasts Bluff,4,777721201,,service,-12243.423737005904,-2529696.983054127
41,Haasts Bluff,5,215310440,,track,-12852.95904594374,-2529259.919525992
41,Haasts Bluff,6,806407609,,tertiary,-11011.63245883256,-2528792.1859614854
41,Haasts Bluff,7,143126485,,track,-11164.095713694673,-2528192.030820552
43,Hermannsburg,1,93638831,Finke Four Wheel Drive Route,unclassified,79358.00288050003,-2584773.3726562024
43,Hermannsburg,2,1223940725,,unclassified,78962.50410579807,-2585241.1833642074
43,Hermannsburg,3,227896715,Larapinta Drive,primary,78196.26708893369,-2585364.545916834
43,Hermannsburg,4,227896707,Larapinta Drive,primary,79421.49287617598,-2584251.8349078484
43,Hermannsburg,5,1223940779,,track,77476.36907332625,-2584102.6793535007
43,Hermannsburg,6,467409355,,service,77729.41488139296,-2583683.7551166066
43,Hermannsburg,7,467409355,,service,77664.4379698069,-2583754.728917073
43,Hermannsburg,8,777680340,,track_grade2,79208.9569202615,-2583763.901917762
43,Hermannsburg,9,1223940709,,track,78512.53089941405,-2583398.074676211
43,Hermannsburg,10,1223940706,,track,78028.27761304128,-2583480.6494928645
43,Hermannsburg,11,1223940753,,track,78010.98678323287,-2583488.8274463094
43,Hermannsburg,12,93783958,,track,77484.275193609,-2584080.583227554
600,Hodgson River Station,1,448299769,,track_grade3,226277.1624662084,-1655561.1216063744
600,Hodgson River Station,2,224736956,Hodgson River Road,unclassified,225890.2591824222,-1655650.7604828735
600,Hodgson River Station,3,224736956,Hodgson River Road,unclassified,225871.19397797223,-1657459.7944091335
250,Imangara,1,320800560,,residential,276816.94494128384,-2264860.8541269787
250,Imangara,2,320800559,,residential,276368.8145522406,-2264752.780560963
250,Imangara,3,422803467,,track,277747.02844598907,-2264232.9018335366
250,Imangara,4,422803467,,track,277010.8678154066,-2262879.661834384
250,Imangara,5,422803467,,track,276858.0641268201,-2262862.874183029
250,Imangara,6,422803468,,unclassified,275975.16392874037,-2263326.535664574
51,Imanpa,1,208044803,Imanpa Road,unclassified,56998.50789685659,-2718305.4513096325
51,Imanpa,2,208044501,,track_grade3,56794.03275673044,-2718321.4018104267
51,Imanpa,3,474805901,,track_grade4,57698.209619065135,-2716848.9526122347
51,Imanpa,4,1367268133,Gully Road,track_grade3,56635.03747210138,-2716339.918662072
51,Imanpa,5,745928307,Waterhole Road,track,56879.03048662404,-2716325.5774811343
51,Imanpa,6,1367268135,Gully Road,track_grade3,56430.398284908566,-2716400.8241112917
51,Imanpa,7,1367268130,Waterhole Road,track,56875.524509394985,-2716325.4052435174
51,Imanpa,8,208044818,Bore Access,track_grade3,56403.65661606442,-2716413.4719787035
63,Irrultja,1,458467572,,track_grade5,318500.1252755047,-2369593.958976377
63,Irrultja,2,446453437,Binns Track,unclassified,318930.6171678144,-2367642.9055052195
63,Irrultja,3,776436286,,track_grade3,319653.9187431195,-2368879.4109596834
63,Irrultja,4,322007963,,unclassified,318580.81026042625,-2367619.2011670386
593,Jilkminggan,1,1545407520,,tertiary,141693.77571625402,-1587944.4619856437
593,Jilkminggan,2,769940403,,unclassified,141714.96110324134,-1587928.7498318118
593,Jilkminggan,3,422688295,,unclassified,140093.88088648787,-1587081.3098789165
593,Jilkminggan,4,422688289,,track_grade3,140357.18452631863,-1586470.21561091
603,Kalkarindji,1,769267652,,unclassified,-124953.07647864323,-1862269.2289436301
603,Kalkarindji,2,769267652,,unclassified,-125238.62272783139,-1861499.1618267181
603,Kalkarindji,3,769267652,,unclassified,-125144.33468585818,-1861138.4766486946
603,Kalkarindji,4,29132372,,unclassified,-124710.58222760144,-1860683.3528811801
603,Kalkarindji,5,769278587,,unclassified,-123338.12239355526,-1861141.4618682663
603,Kalkarindji,6,188724855,Buntine Highway,primary,-123253.78316304681,-1861712.006785338
603,Kalkarindji,7,732316155,Buntine Highway,primary,-124690.16195407615,-1862459.4538410478
66,Kaltukatjara,1,187125785,,track_grade2,-290791.43234993017,-2692155.587722271
66,Kaltukatjara,2,187125450,,track,-292598.365899531,-2692600.6547160265
66,Kaltukatjara,3,359222813,,track,-291723.95206539845,-2693022.1658076723
66,Kaltukatjara,4,359222826,,track,-291063.9809819453,-2692720.3093309407
66,Kaltukatjara,5,359222808,,track,-292329.74435099296,-2692861.039480103
66,Kaltukatjara,6,359222838,,track,-292594.3827334729,-2692606.025393737
66,Kaltukatjara,7,778212153,,track,-290786.79599561304,-2692124.331960308
66,Kaltukatjara,8,40613649,,residential,-290974.39656711556,-2691436.969433044
66,Kaltukatjara,9,187125465,,track,-290824.1248670776,-2691737.602870753
66,Kaltukatjara,10,359222806,,track,-290853.0649079093,-2691655.8569081915
66,Kaltukatjara,11,740132682,,residential,-292691.07911330904,-2691611.48167069
66,Kaltukatjara,12,187125462,,residential,-290931.3835586888,-2691501.025547506
66,Kaltukatjara,13,186986103,Docker River Community Access Road,residential,-291898.6974400981,-2691032.6249120263
66,Kaltukatjara,14,778212352,,track,-291243.844191326,-2691182.971798059
66,Kaltukatjara,15,399509194,,track,-292595.0200365279,-2691444.8479952426
72,Kintore,1,399723293,,track,-264164.9838773224,-2513112.38600391
72,Kintore,2,189340138,,residential,-264152.0332582659,-2513104.623701571
72,Kintore,3,185819811,Ngutjul Road,unclassified,-263992.4846822009,-2512983.730531523
72,Kintore,4,189336567,,residential,-264824.93083627545,-2511265.0658683167
72,Kintore,5,189336566,Tjunarriti Road,unclassified,-265499.38662525656,-2511690.255891885
72,Kintore,6,185819813,Kintore Road,tertiary,-264349.8648803612,-2511306.887110099
608,Kybrook Farm,1,29251852,Umbrawarra Road,unclassified,-20401.101247420793,-1467547.2368283279
608,Kybrook Farm,2,29251852,Umbrawarra Road,unclassified,-19624.943707649047,-1466148.9834877898
608,Kybrook Farm,3,591367295,Kybrook Farm Access Road,unclassified,-18715.2289138582,-1466505.9075351972
609,Lajamanu,1,188702780,Lajamanu-Warrego Road,unclassified,-143018.3587053447,-1960753.3281733964
609,Lajamanu,2,777980384,,unclassified,-144649.12767167602,-1959602.0613599492
609,Lajamanu,3,188702781,,unclassified,-144696.60234112738,-1959684.4689927243
609,Lajamanu,4,188702788,,residential,-143769.79636763287,-1959142.5410717255
609,Lajamanu,5,49047815,Lajamanu Road,tertiary,-144805.3544061955,-1960096.9558395166
609,Lajamanu,6,49047815,Lajamanu Road,tertiary,-144211.81602790038,-1959227.0392397905
86,Laramba,1,1388496423,Tillmouth Well-Napperby,track,76100.1349471133,-2426904.6064441293
86,Laramba,2,1388496424,Rubbish Dump Access,track,77330.17831758963,-2427687.980902058
86,Laramba,3,745748293,Laramba Road,unclassified,78043.96755832797,-2426992.68739862
86,Laramba,4,1388496427,,unclassified,78058.62081337317,-2426934.188325319
86,Laramba,5,99019376,Napperby,track,77250.8387437002,-2425735.6031961488
86,Laramba,6,776156039,Napperby,unclassified,76463.62144894052,-2425935.8654653155
86,Laramba,7,776155364,Napperby,service,77635.86628675486,-2425887.553051327
721,Likkaparta,1,451050843,,unclassified,265749.10239174066,-2074761.812169362
721,Likkaparta,2,143376179,,track_grade5,265820.06227661745,-2072765.2982049661
362,Maningrida,1,213563144,,track,246150.36202124672,-1272668.6813953891
362,Maningrida,2,213563069,,track,247833.7186817399,-1271892.920227836
362,Maningrida,3,213563069,,track,247835.75576770527,-1271950.1039209887
362,Maningrida,4,213563069,,track,247836.13804090052,-1271942.1674149027
362,Maningrida,5,213563087,,track,246015.2370675236,-1272512.0602473367
362,Maningrida,6,449880188,,residential,247718.83687536468,-1272412.0057541155
362,Maningrida,7,213563109,,residential,247657.05160438293,-1272512.05354909
362,Maningrida,8,213563066,,residential,245941.11607048623,-1272385.9345561625
362,Maningrida,9,213563063,,residential,247700.26685017007,-1272443.3330064244
362,Maningrida,10,1266055744,,residential,247834.78534572438,-1271969.8573142032
362,Maningrida,11,1266055750,,track,247835.41809573336,-1271927.5125943609
362,Maningrida,12,1274749461,,track,247823.36556107138,-1271790.5590310378
362,Maningrida,13,1266055751,,track,247233.30529538772,-1271025.2139957426
362,Maningrida,14,1266055751,,track,247267.13385809405,-1271041.2137143216
362,Maningrida,15,1266055748,,track,247313.14390491092,-1271063.6834258954
362,Maningrida,16,213563106,,track,247278.10824659743,-1271046.4042135207
363,Manmoyi,1,355352500,,unclassified,234080.70644282934,-1325592.5510757873
363,Manmoyi,2,355352500,,unclassified,232476.8899893672,-1325407.8184413454
595,Manyallaluk,1,478476929,,track,91324.37765605848,-1511731.5013194964
595,Manyallaluk,2,203879214,,unclassified,90719.98256485355,-1512443.1441693637
595,Manyallaluk,3,449638359,,track,90371.44074009488,-1510516.209044025
595,Manyallaluk,4,475485701,,track,91330.55775064125,-1511704.5120694623
524,Mapuru,1,453738208,,track_grade3,381962.37160168955,-1297140.7086196512
524,Mapuru,2,447694295,,unclassified,381952.3454847594,-1296586.441436926
524,Mapuru,3,453709251,,track_grade4,380623.2500658231,-1295955.4545106187
252,Marlinja,1,94231357,,track,149332.92213620938,-1854459.5040453775
252,Marlinja,2,94231357,,track,149921.42717859964,-1854280.6582491787
252,Marlinja,3,33723700,,unclassified,150143.86439039442,-1854067.6888246927
252,Marlinja,4,33723700,,unclassified,150117.4380499258,-1854101.7675649822
252,Marlinja,5,33723700,,unclassified,149977.29354378645,-1854239.2249289197
252,Marlinja,6,453730269,Newcastle Waters Road,unclassified,150334.672648151,-1853634.4300314712
252,Marlinja,7,777690116,,unclassified,148803.82462891834,-1852623.7392582041
624,Minyerri,1,224736956,Hodgson River Road,unclassified,225547.08832567552,-1616735.0106938453
624,Minyerri,2,224736956,Hodgson River Road,unclassified,224596.444575145,-1618186.057098984
624,Minyerri,3,327344852,,service,224491.562095287,-1617831.1462847905
112,Mount Liebig,1,399080181,,track,-74147.47010689185,-2509510.9345215233
112,Mount Liebig,2,143122348,,track,-73936.8983943602,-2509605.894814952
112,Mount Liebig,3,769662021,,unclassified,-72944.16836928744,-2509372.2372888103
112,Mount Liebig,4,143120750,,unclassified,-74619.17119416592,-2508465.512356759
112,Mount Liebig,5,189326475,,unclassified,-73194.57877413034,-2507756.78706834
112,Mount Liebig,6,189327444,,unclassified,-74607.0985564761,-2508413.944916618
112,Mount Liebig,7,189326465,Wattyawanu Road,unclassified,-73216.95974177509,-2507746.2016589935
112,Mount Liebig,8,143122358,,track,-72861.85254877858,-2508021.040769489
112,Mount Liebig,9,215311922,,track,-74287.37944694198,-2509411.0034387102
244,Mungkarta,1,770268090,,track_grade3,227751.3521231539,-2184357.8963578083
244,Mungkarta,2,226561044,,residential,229237.18130041863,-2183098.7295385404
120,Mutitjulu,1,777678482,,unclassified,-92491.49206855013,-2743324.231106845
120,Mutitjulu,2,32641778,,track,-93193.48662486499,-2743330.2439355943
120,Mutitjulu,3,32641724,,track,-93596.14574351539,-2743057.0382778547
120,Mutitjulu,4,32641695,,track,-93531.24950744929,-2743123.3711501313
120,Mutitjulu,5,205190634,,track,-93824.39638713693,-2742616.1766289724
120,Mutitjulu,6,32641828,,track,-91965.01397149665,-2741928.989030615
120,Mutitjulu,7,32640323,,unclassified,-92181.44441157712,-2741650.781156484
120,Mutitjulu,8,32641521,,unclassified,-93370.31371144364,-2741538.8844717443
120,Mutitjulu,9,32640345,,track,-92343.24078767044,-2741531.829160838
397,Nauiyu,1,400814175,Twin Peaks Road,unclassified,-144294.98943817167,-1456317.072365287
397,Nauiyu,2,777685739,,track,-142691.44657302092,-1455866.9858542767
397,Nauiyu,3,30128628,Nauiyu Road,unclassified,-142671.0096069668,-1455792.3764234155
397,Nauiyu,4,175961401,Mango Farm Road,unclassified,-144136.33666043522,-1454691.9045749307
397,Nauiyu,5,777674845,,unclassified,-144539.21195441493,-1455120.1634378163
397,Nauiyu,6,777675655,,track,-142967.8677205249,-1454823.9233560015
397,Nauiyu,7,98871796,Twin Peaks Road,unclassified,-144522.7664191921,-1456034.6652443502
542,Ngangalala,1,447678284,,unclassified,330550.9192434063,-1300276.4250243302
542,Ngangalala,2,776250757,,track_grade3,331080.00558031676,-1299643.973356592
404,Nganmarriyanga,1,777663982,,service,-230754.53882783564,-1523242.785219532
404,Nganmarriyanga,2,777663981,,service,-230620.30749293164,-1523138.7637578542
404,Nganmarriyanga,3,323254511,Palumpa Access Road,unclassified,-230600.89274362504,-1523121.167254783
404,Nganmarriyanga,4,320164572,Airstrip Road,unclassified,-232244.18305414956,-1522090.4292603533
404,Nganmarriyanga,5,777673205,,track_grade3,-232157.8029400366,-1521899.0313440105
404,Nganmarriyanga,6,777646912,,track_grade2,-230936.89678076658,-1521469.5264698092
404,Nganmarriyanga,7,777646907,,track_grade3,-231300.55666240593,-1521402.498855108
404,Nganmarriyanga,8,777673202,,track_grade3,-231903.2808658389,-1521609.8915583275
404,Nganmarriyanga,9,467427001,Port Keats Road,secondary,-232201.64085204247,-1522821.2248907415
404,Nganmarriyanga,10,467427001,Port Keats Road,secondary,-230855.86927065364,-1523299.4337894125
633,Ngukurr,1,445293778,,track,296186.999910347,-1565892.6442980561
633,Ngukurr,2,295004955,,track,297991.3587142346,-1565570.0853334742
633,Ngukurr,3,295004950,,unclassified,297973.2996751164,-1565638.300912889
633,Ngukurr,4,295004950,,unclassified,297982.3094087589,-1565071.7074039062
633,Ngukurr,5,445293775,,track,296093.7469120507,-1564961.7914815345
633,Ngukurr,6,914040365,,primary,297500.00814660476,-1564462.4398902406
633,Ngukurr,7,445293771,,track,297269.8643281378,-1564371.994937322
633,Ngukurr,8,29221574,Nulawan Access Road,unclassified,297577.0328783868,-1566169.0478163548
639,Nitjpurru,1,778188675,,track_grade2,-83079.78690658192,-1792358.9157220656
639,Nitjpurru,2,368610503,,residential,-83470.83867634834,-1790406.768292216
639,Nitjpurru,3,778186578,,track_grade3,-84238.98820048441,-1791886.9862597743
127,Nturiya,1,456568749,,track,128812.37149247933,-2382194.0927388305
127,Nturiya,2,321690643,,unclassified,128623.63869449843,-2380876.4493194693
127,Nturiya,3,215104253,Nturiya Road,unclassified,130163.36958059372,-2382137.0810190225
549,Numbulwar,1,301175590,,unclassified,407107.6020612331,-1518356.9766759425
549,Numbulwar,2,456580828,,unclassified,407326.56915210077,-1517923.1130111357
549,Numbulwar,3,301175594,,unclassified,408439.6460157496,-1517643.7283529053
549,Numbulwar,4,948034278,Numbulwar Road,primary,407149.11206062254,-1518933.5126542123
128,Nyirripi,1,94066175,,unclassified,-146363.92336162415,-2440532.6642573015
128,Nyirripi,2,590569084,,unclassified,-147442.32762709807,-2441455.5131213353
128,Nyirripi,3,399077089,,track,-147402.61556164932,-2441457.4640500084
128,Nyirripi,4,909227666,,unclassified,-147334.36069860024,-2441458.2655119575
128,Nyirripi,5,399077092,,track,-148185.25759655097,-2441023.9339086227
128,Nyirripi,6,591037306,,track,-148323.44893406008,-2440725.163930964
128,Nyirripi,7,94069939,,unclassified,-148325.64472153806,-2440202.6848523985
128,Nyirripi,8,399077117,,track,-146471.1399364918,-2440003.515451041
128,Nyirripi,9,103324072,,unclassified,-146461.0626866408,-2440024.8220057036
128,Nyirripi,10,590569046,,unclassified,-148124.90968985594,-2439815.8449822604
128,Nyirripi,11,399077101,,track,-146599.02771732755,-2439812.2312680027
128,Nyirripi,12,399077104,,track,-147363.14789874494,-2439459.679736414
128,Nyirripi,13,591037333,,track,-146915.9892775057,-2439564.824051196
128,Nyirripi,14,94092108,Emu Bore Road,unclassified,-148323.4348802265,-2440193.862671356
26,Orrtipa-Thurra,1,193289870,Bonya Road,unclassified,423971.5278425168,-2462526.3114045127
26,Orrtipa-Thurra,2,193289902,,residential,423035.21592682344,-2461802.175912197
26,Orrtipa-Thurra,3,193289902,,residential,422998.0434593045,-2461567.6809069477
26,Orrtipa-Thurra,4,193289902,,residential,423612.57493123884,-2462451.012597227
26,Orrtipa-Thurra,5,193289905,,track,423569.76850578847,-2460624.2675341954
131,Papunya,1,189318493,Gary Junction Road,tertiary,-9996.749260754299,-2501233.4286996797
131,Papunya,2,143126491,,unclassified,-8437.71082261968,-2502218.8013004353
131,Papunya,3,189318540,,track,-8729.822816312864,-2502360.1381625384
131,Papunya,4,189318540,,track,-9104.445892493219,-2502396.596394711
131,Papunya,5,189318547,,track,-9761.357849271175,-2502061.525719924
131,Papunya,6,189318556,,track,-9517.705015640682,-2502262.4423195207
131,Papunya,7,189318549,,track,-8020.10500252246,-2501521.9907299452
131,Papunya,8,143126493,,unclassified,-9310.241496712419,-2502355.201396703
131,Papunya,9,777916311,,track_grade3,-8668.4391065038,-2502339.0552062667
131,Papunya,10,189318492,Gary Junction Road,tertiary,-8389.761735887474,-2502183.239834067
131,Papunya,11,189318505,Warumpi Road,unclassified,-8019.368052173422,-2501285.2628477695
131,Papunya,12,1382226626,,track,-8601.130314674752,-2500490.548468877
131,Papunya,13,143120730,Mount Wedge Road,unclassified,-8268.70151776466,-2500733.8604161157
131,Papunya,14,189318553,,track,-8074.108379601449,-2501744.935843025
131,Papunya,15,777916668,,track_grade3,-9877.098493478434,-2501900.4448828828
131,Papunya,16,189318558,,track,-8112.602469102958,-2501835.793903107
131,Papunya,17,777917158,,track_grade2,-10010.936834191565,-2501381.4741170118
131,Papunya,18,376676244,,service,-8104.983035932656,-2500982.601496808
131,Papunya,19,1382226630,,track,-8876.631883917871,-2500411.4841231504
410,Peppimenarti,1,320163319,Peppimenarti Road,tertiary,-209200.62555769744,-1500526.6221898352
410,Peppimenarti,2,776690515,,service,-209433.29912923826,-1500837.08087263
410,Peppimenarti,3,320163324,,unclassified,-209170.0926852378,-1500457.2738067089
410,Peppimenarti,4,777646785,,service,-209205.7483631935,-1499651.089725127
410,Peppimenarti,5,320163330,,unclassified,-209252.53419712256,-1499567.0815924734
410,Peppimenarti,6,777648916,,track_grade4,-209881.8745299915,-1499119.5103734825
138,Pmara Jutunta,1,776256877,,track_grade2,145481.26790329057,-2390493.6357554197
138,Pmara Jutunta,2,776255148,,service,145562.8341313737,-2390398.260890058
138,Pmara Jutunta,3,776259373,,track_grade2,145977.1101131219,-2390144.6437752717
138,Pmara Jutunta,4,485428762,Stuart Highway,trunk,145861.22291359585,-2392007.00781929
138,Pmara Jutunta,5,485428762,Stuart Highway,trunk,146031.77844380526,-2390130.001036786
138,Pmara Jutunta,6,226561241,,unclassified,146539.60178347756,-2392062.103636373
138,Pmara Jutunta,7,776256878,,track_grade2,145476.84702301427,-2390499.5966224326
138,Pmara Jutunta,8,776252049,,track_grade2,146740.97354965028,-2390213.348249037
550,Ramingining,1,776237545,Lewangu Drive,tertiary,323708.04794141435,-1304123.8780235492
550,Ramingining,2,1112649471,,track,325116.22393507883,-1304402.055292129
550,Ramingining,3,776237543,Dingbulu Road,unclassified,324238.9787988915,-1304531.3423484701
550,Ramingining,4,1447426803,Dingbulu Road,tertiary,325387.46537135233,-1303040.229782197
641,Rittarangu,1,174686796,,unclassified,278888.2431202783,-1561599.604571175
258,Robinson River,1,776685088,,track_grade2,533517.6413485382,-1794996.170410352
258,Robinson River,2,143823870,Robinson River Road,unclassified,531965.159307787,-1794828.1844064211
642,Rockhole,1,26643374,Florina Road,tertiary,20982.67132374041,-1538192.8872248463
642,Rockhole,2,26643374,Florina Road,tertiary,19297.868405879806,-1539018.3351520356
642,Rockhole,3,233599507,Egan Street,unclassified,19332.788214852826,-1538635.0772263906
642,Rockhole,4,1493649872,,service,19531.66609348253,-1538267.0863484542
642,Rockhole,5,1493649873,,service,19497.93219108153,-1538309.5355208863
642,Rockhole,6,1494324104,,service,20937.635415468416,-1538152.0690568797
642,Rockhole,7,1494317439,,service,20406.980062039143,-1537922.4389059222
642,Rockhole,8,233599508,Helena Road,unclassified,19604.53585124139,-1538190.4997819744
642,Rockhole,9,233599510,Hendry Road,unclassified,20316.305994797392,-1537916.3299230938
469,Rorruwuy,1,458789543,,track_grade5,475934.9771842657,-1293347.7277346011
469,Rorruwuy,2,458789544,,track_grade5,475680.04164950363,-1293465.4877466422
469,Rorruwuy,3,455250124,,track_grade4,476108.17756389914,-1293312.7529647367
145,Santa Teresa,1,93255081,Old Andado Track (Binns Track),tertiary,238113.141938614,-2608265.5575371026
145,Santa Teresa,2,376524245,Power Road,unclassified,238359.10917484458,-2608376.9775685673
145,Santa Teresa,3,376524245,Power Road,unclassified,238142.27836154337,-2608283.0212369366
145,Santa Teresa,4,1553793223,Arlperre Road,residential,239113.46064231076,-2606536.2253224794
145,Santa Teresa,5,778241253,,track_grade3,239438.898007708,-2606815.6609805436
145,Santa Teresa,6,777959213,,track,238730.25759892145,-2606422.583263372
145,Santa Teresa,7,928093204,,track,238628.74515262296,-2606418.929002181
145,Santa Teresa,8,928093204,,track,238711.34973978225,-2606421.6543798167
145,Santa Teresa,9,777959569,,track,239005.1084045538,-2606487.2683885
145,Santa Teresa,10,1553793225,Phillipson Road,unclassified,238539.27280871067,-2606423.8224598863
145,Santa Teresa,11,172449691,Santa Teresa Road,secondary,237939.0930098835,-2606707.629702815
264,Tara,1,448460449,,track_grade4,205791.45748457423,-2312610.7567908587
264,Tara,2,777957994,,track_grade2,205501.9505215264,-2314500.3252868694
264,Tara,3,777964153,,residential,204981.94989330048,-2314437.1218753126
264,Tara,4,777964153,,residential,204891.89548419393,-2314395.0462836227
264,Tara,5,141185468,,unclassified,204736.51868651208,-2314292.632511866
264,Tara,6,321679773,,unclassified,204621.45511134245,-2314183.897236104
148,Titjikala,1,189467795,,track_grade3,208187.38448472213,-2668618.4469534312
148,Titjikala,2,189465627,,track,207542.64485185326,-2668700.8636398315
148,Titjikala,3,186247785,Chambers Pillar Road,unclassified,206801.07314192408,-2668045.3673407584
148,Titjikala,4,778232119,,track_grade5,207189.00768358092,-2666891.983755209
148,Titjikala,5,778234817,,track_grade4,208391.39862355747,-2666958.947472841
148,Titjikala,6,778234818,,track_grade4,208331.88093645437,-2666913.035120515
148,Titjikala,7,778234819,,track_grade4,208400.74380336836,-2666967.4174501067
148,Titjikala,8,778234648,,track_grade4,207456.3097556128,-2666765.1856376226
148,Titjikala,9,778234648,,track_grade4,208025.84246718665,-2666762.5926174126
148,Titjikala,10,189467982,,unclassified,207215.28686285418,-2666875.9944334817
148,Titjikala,11,226848225,Maryvale Road,tertiary,207270.32448323845,-2666843.0061533386
148,Titjikala,12,778231553,,track_grade4,206977.0817847488,-2667083.581473931
148,Titjikala,13,189469547,,track,208408.69272840355,-2666974.621935809
426,Wadeye,1,777676759,,track_grade3,-270488.84236090357,-1511986.3434253298
426,Wadeye,2,323166353,Perdjert Street,unclassified,-269972.7503956908,-1511767.9342437242
426,Wadeye,3,323166364,Wadeye Int Road,unclassified,-271327.90661805146,-1511684.6117763598
426,Wadeye,4,323166362,,residential,-269606.8599281794,-1511014.1469792835
426,Wadeye,5,558930469,,unclassified,-269712.6637948754,-1510546.4399024916
174,Wallace Rockhole,1,188451452,Wallace Rockhole Road,track,108544.54223611888,-2605688.1468850127
174,Wallace Rockhole,2,188451450,,residential,110176.10262567589,-2605324.6862721383
174,Wallace Rockhole,3,980799259,,track,110226.42363518328,-2604804.444333866
174,Wallace Rockhole,4,38482849,Wallace Rockhole Road,unclassified,109050.72895574007,-2603990.4527182323
256,Wandangula,1,101093951,,unclassified,468429.56005701405,-1715470.8657714264
256,Wandangula,2,458463742,,track_grade4,467887.14341684786,-1714534.9803918167
256,Wandangula,3,454388855,,service,468115.7780565016,-1714696.408721527
256,Wandangula,4,454388855,,service,468397.4091407202,-1715168.686263944
654,Weemol,1,460923436,,unclassified,253919.58473697357,-1446118.9015903645
654,Weemol,2,442678755,,unclassified,252250.75074636503,-1445959.4259185547
186,Willowra,1,321690645,Willowra,unclassified,64139.394861587,-2283341.3784214603
186,Willowra,2,243878563,Willowra,track,63568.82657567789,-2283786.044400153
186,Willowra,3,461001833,Old Airstrip,track,63909.582859202295,-2283606.5846962617
186,Willowra,4,243878562,Lander River Road,residential,62355.650977861806,-2283202.249795486
186,Willowra,5,243878564,Kakarrara Road,track,63199.61878272984,-2281832.16796731
187,Wilora,1,1413401217,,track,178549.31043382935,-2338763.649189382
187,Wilora,2,1413401209,,track,178551.98198052892,-2338768.106395773
187,Wilora,3,121502783,Stuart Highway,trunk,176771.72777394825,-2338883.590033688
187,Wilora,4,121502783,Stuart Highway,trunk,177797.04617360682,-2338281.0780239077
434,Woodycupaldiya,1,404264106,Woodycupildiya Road,secondary,-217816.24575771778,-1468274.4035803394
434,Woodycupaldiya,2,456100669,,track_grade3,-219763.1975172336,-1468698.962864517
434,Woodycupaldiya,3,404275705,,unclassified,-219777.0510760219,-1468177.7133751386
434,Woodycupaldiya,4,404722759,Deleye Road,unclassified,-218561.93573681763,-1467442.1054337388
581,Wugularr,1,1484824932,,residential,121683.20682286103,-1544237.7235848126
581,Wugularr,2,370581980,Yangula Street,residential,121837.13181627454,-1544158.1720527762
581,Wugularr,3,370581972,Laiwanga Street,residential,121895.82565419214,-1544118.218874184
581,Wugularr,4,370581959,Cameron Road,unclassified,122298.34932983753,-1543433.5120213998
581,Wugularr,5,22716492,Central Arnhem Highway,trunk,120893.2279711342,-1544220.948104224
581,Wugularr,6,508394372,,track_grade5,120472.46959704289,-1542760.6754670984
581,Wugularr,7,475474038,,track,121200.78664338855,-1542317.619701712
581,Wugularr,8,475474028,,track_grade5,120463.05413837823,-1542776.3842108548
581,Wugularr,9,1301241425,Central Arnhem Highway,trunk,121940.06911840012,-1542537.8593243503
227,Wutunugurra,1,311345086,Kurundi Road,unclassified,337529.5226128144,-2198754.855875047
227,Wutunugurra,2,311345086,Kurundi Road,unclassified,336469.99904021417,-2199930.600903371
658,Yarralin,1,320305828,,unclassified,-119177.83123881728,-1750578.6106884442
658,Yarralin,2,320305828,,unclassified,-120811.7701272757,-1751280.8134135
658,Yarralin,3,775956789,,track,-120071.89387370579,-1752314.3313376699
658,Yarralin,4,775956789,,track,-118821.75652868662,-1751238.7004691046
658,Yarralin,5,461803542,,track_grade3,-119115.04361982846,-1750635.5180691641
658,Yarralin,6,320305831,,track,-119556.6295122645,-1750384.0926170067
571,Yathalamarra,1,447678285,,unclassified,324725.8065340671,-1298113.2209390823
576,Yirrkala,1,48788820,Rocky Point Road,residential,542012.1254081344,-1303090.0050258166
576,Yirrkala,2,1263358758,,track,542423.1049578758,-1303023.732664258
576,Yirrkala,3,777321533,,track,541465.720781797,-1302894.2826259793
576,Yirrkala,4,62214679,Yirrkala Road,secondary,541464.4462705809,-1302893.3373840395
576,Yirrkala,5,62221241,Shady Beach Road,tertiary,543052.1560820948,-1302218.9831181692
576,Yirrkala,6,62221239,Nuwul Road,tertiary,541325.2290711274,-1301417.163079021
197,Yuelamu,1,143574666,,unclassified,20395.41302357566,-2396620.783373163
197,Yuelamu,2,188551919,,residential,21370.075801202933,-2396763.699657154
197,Yuelamu,3,770232224,,unclassified,20173.168216061782,-2395283.4946729844
197,Yuelamu,4,143574653,,unclassified,21818.63402368402,-2395247.46946881
197,Yuelamu,5,143574656,,unclassified,21964.03187422336,-2396127.146206276
198,Yuendumu,1,143305765,Yuendumu Road,unclassified,-19984.903652345918,-2395680.569455743
198,Yuendumu,2,776437082,,track_grade3,-20663.893697634743,-2396299.0059252423
198,Yuendumu,3,188551925,,unclassified,-20629.044144684496,-2396290.024453589
198,Yuendumu,4,188551927,,unclassified,-19926.25598058551,-2395427.111194402
198,Yuendumu,5,143305792,,unclassified,-20158.74761492323,-2394688.4097713865
198,Yuendumu,6,98997463,,unclassified,-21820.732600489493,-2394898.7532901717
198,Yuendumu,7,143305761,,unclassified,-21317.191816426835,-2394416.1134520667
198,Yuendumu,8,143305761,,unclassified,-20833.886479462057,-2394338.2375963586
198,Yuendumu,9,143305757,,unclassified,-20693.187153862065,-2394361.505794983
198,Yuendumu,10,143305767,Mount Denison Road,unclassified,-20174.46067593006,-2394671.073080167
10153,Adelaide River,1,1479074379,,track,-99112.27354430502,-1399999.6354525036
10153,Adelaide River,2,1479074379,,track,-99319.92057085369,-1399766.4396265047
10153,Adelaide River,3,1479074379,,track,-98453.98494664904,-1400223.8464685606
10153,Adelaide River,4,1479074380,,track,-98636.86623958271,-1400211.5619112474
10153,Adelaide River,5,242172858,,service,-97698.55679844697,-1399848.2652034997
10153,Adelaide River,6,468122607,,service,-97632.7119367964,-1399754.4498905288
10153,Adelaide River,7,1058892007,Dorat Road,unclassified,-97859.71798253433,-1400008.6633035454
10153,Adelaide River,8,482759431,Stuart Highway,trunk,-97615.68945712184,-1399726.0495989628
10153,Adelaide River,9,1479074384,,track,-99390.14712459603,-1398813.5933620431
10153,Adelaide River,10,4869479,Memorial Terrace,tertiary,-97570.78835472991,-1398811.2325086608
10153,Adelaide River,11,242172859,Coach Road,unclassified,-99348.4118411863,-1398731.3353007287
10153,Adelaide River,12,482759429,Stuart Highway,trunk,-98945.69847509722,-1398340.546547758
10153,Adelaide River,13,1479074389,,track,-98884.38864452814,-1398311.5491574828
10153,Adelaide River,14,242172865,,unclassified,-99340.5841719047,-1398718.2756235176
916,Angatyepe,1,376662588,Larapinta Drive,primary,173368.17356182082,-2562827.857127932
916,Angatyepe,2,376662588,Larapinta Drive,primary,174565.21935292918,-2562244.325552805
916,Angatyepe,3,459809884,,service,173309.2213995131,-2563376.2192773726
916,Angatyepe,4,459809883,,service,173308.81933876214,-2563373.508803956
916,Angatyepe,5,1266217945,,track,173340.61863498454,-2562904.867989399
916,Angatyepe,6,1266217945,,track,174629.9665329263,-2562265.4796004323
916,Angatyepe,7,377597054,,service,173313.1313329902,-2563009.971434453
168,Arlparra,1,914580551,Sandover Highway,secondary,283611.3266805095,-2380787.134267151
168,Arlparra,2,920025228,,unclassified,283389.5126714555,-2380669.419582512
168,Arlparra,3,920025216,,unclassified,283915.92873148766,-2378855.4479405032
168,Arlparra,4,920025230,,unclassified,284235.3484693167,-2378890.9835029026
168,Arlparra,5,920025231,,unclassified,284376.1953449973,-2378942.434369308
168,Arlparra,6,914580550,Sandover Highway,secondary,284432.908373626,-2378969.2576341834
968,Armorran,1,440558396,,track_grade5,152705.9964366518,-1238754.5264505013
968,Armorran,2,440558396,,track_grade5,154651.83519082767,-1238920.5362124627
919,Arrillhjere,1,1030834933,,service,163069.8480940822,-2566635.6061970587
919,Arrillhjere,2,440574356,,unclassified,164053.97384060716,-2565969.147589491
919,Arrillhjere,3,1030834930,,track,163133.10903591095,-2567443.4604738844
919,Arrillhjere,4,1030834930,,track,163012.30510143258,-2566961.8524102783
146,Atnarara,1,376796554,,unclassified,286242.4653248942,-2373527.590144072
146,Atnarara,2,376796554,,unclassified,284775.9349255019,-2372219.635452409
146,Atnarara,3,440736274,,track_grade5,286284.5421584962,-2373451.437319836
146,Atnarara,4,440736274,,track_grade5,285842.10655920656,-2372117.5597939976
10677,Batchelor,1,1447151497,Coach Road,unclassified,-107519.27159397681,-1379264.8243212118
10677,Batchelor,2,242025983,Woolley Court,residential,-106410.62951692393,-1379234.8946727547
10677,Batchelor,3,242025987,Cameron Road,residential,-106407.3511466563,-1379232.4632676549
10677,Batchelor,4,1554834999,Meneling Road,unclassified,-107982.97706159741,-1378509.2115277546
10677,Batchelor,5,300792860,,unclassified,-107683.40918252719,-1377701.9829269361
10677,Batchelor,6,801792816,Rum Jungle Road,secondary,-107439.79709420582,-1377528.241222925
10677,Batchelor,7,374619705,Batchelor Road,secondary,-106062.69519521797,-1378799.5220438964
25,Blackwater,1,783468098,,track,-10846.572012856517,-2508889.2772060307
25,Blackwater,2,777731426,,track_grade2,-9573.909481625811,-2508457.1636413564
25,Blackwater,3,783468108,,track,-9448.448678973722,-2507979.999777422
25,Blackwater,4,783468102,,track,-10227.019453690074,-2506998.5904445145
25,Blackwater,5,783468107,,track,-9557.805932585574,-2507519.16825724
25,Blackwater,6,143126489,,unclassified,-10146.663248769488,-2507019.915261427
25,Blackwater,7,143126463,,track_grade4,-10843.57146653551,-2507055.0355597865
25,Blackwater,8,143126463,,track_grade4,-9460.132422622477,-2507826.182730193
11092,Borroloola,1,769618879,,track_grade2,462636.92350114667,-1717502.1459675473
11092,Borroloola,2,29222443,Robinson Road,secondary,463296.19630159973,-1715698.4305804172
11092,Borroloola,3,29222443,Robinson Road,secondary,463358.4490460643,-1717684.9041117115
11092,Borroloola,4,769618878,,track,462285.26544442674,-1716357.1702722765
11092,Borroloola,5,769618878,,track,462323.07884495705,-1716266.285654155
11092,Borroloola,6,769618878,,track,462386.0441107327,-1716152.220557994
11092,Borroloola,7,769618877,,track_grade2,462587.3095610566,-1715925.115433037
11092,Borroloola,8,101389461,Mulholland Street,residential,462652.64045021636,-1715876.0844477888
11092,Borroloola,9,101389453,Anyula Street,residential,463035.44808724115,-1715713.368385957
11092,Borroloola,10,769621899,,track_grade3,463749.7545395779,-1715844.875280983
11092,Borroloola,11,379217392,Jose Street,residential,462743.23135649215,-1715819.3672073446
11092,Borroloola,12,101389509,Harney Court,residential,462856.0720275419,-1715766.218749318
11092,Borroloola,13,745883527,,residential,462961.9742593247,-1715731.2287407597
11092,Borroloola,14,769622554,,service,463252.3709834673,-1715696.2775805972
24904,Brumby Plains,1,440949744,,track_grade5,-318102.03361199406,-1820892.8049645985
24904,Brumby Plains,2,440949744,,track_grade5,-319438.87310352206,-1822159.0027218196
949,Bunhanura,1,1335603143,Barge Landing Road,tertiary,412827.14919902035,-1311648.8279297112
949,Bunhanura,2,1335603143,Barge Landing Road,tertiary,411217.77798981714,-1310520.7992037223
12194,Daly Waters,1,423688133,,service,147655.74637385606,-1730940.881562463
12194,Daly Waters,2,809069014,,secondary,147131.56193152745,-1731120.4312402767
12194,Daly Waters,3,98696503,,unclassified,146431.339528153,-1729364.631799863
477,Dhipirrinjura,1,445443558,,track_grade5,343574.6729435255,-1296368.8794473615
981,Djirrbiyak,1,445554023,,unclassified,84655.65442117752,-1344718.477719594
981,Djirrbiyak,2,509686230,Kakadu Highway,secondary,84674.64379085497,-1344711.6832144794
981,Djirrbiyak,3,509686230,Kakadu Highway,secondary,84754.30018025871,-1344678.4529537614
46,Dons Bore,1,188551915,,unclassified,-7262.478111635235,-2395798.409601985
46,Dons Bore,2,188551915,,unclassified,-9147.17195882406,-2396278.0230595465
34,Eight Mile,1,93777079,,track,69473.44957744647,-2578846.1764740534
34,Eight Mile,2,448801069,,track_grade4,68857.63331598771,-2579100.6084637614
34,Eight Mile,3,440566916,No Entry (Aboriginal Freehold),unclassified,67855.66020128377,-2578411.938521716
34,Eight Mile,4,456567647,,track_grade3,67806.61310165732,-2578116.066504343
34,Eight Mile,5,446597493,,track,69108.73344185992,-2577150.6677540517
920,Elitjia,1,376662588,Larapinta Drive,primary,162172.71768932065,-2566029.0344333714
920,Elitjia,2,376662588,Larapinta Drive,primary,163630.81169493526,-2565853.3252949165
920,Elitjia,3,440574356,,unclassified,163982.52437783088,-2566614.4106431
920,Elitjia,4,440574356,,unclassified,163967.17188055345,-2566783.03643866
920,Elitjia,5,1030834930,,track,163171.63094450496,-2567595.448939096
920,Elitjia,6,534414177,,track,163559.24057965903,-2565797.9614100535
12641,Elliott,1,208044673,,track,164290.85858988785,-1874549.9661709224
12641,Elliott,2,208044536,,unclassified,164629.96689626822,-1874206.948973296
12641,Elliott,3,208044533,,track,164749.28691380806,-1873491.3257935795
12641,Elliott,4,397715201,,track,164769.34412302845,-1873733.817017163
12641,Elliott,5,845670167,,track,164709.4942956939,-1874039.2652263925
12641,Elliott,6,845670167,,track,163256.7132011886,-1872840.8778729527
12641,Elliott,7,777686507,,track_grade4,162790.01313843447,-1873504.2990576872
12641,Elliott,8,845670165,Stuart Highway,trunk,164683.67224602491,-1874103.7025798727
12641,Elliott,9,845670165,Stuart Highway,trunk,163213.346912415,-1872867.1887030483
12641,Elliott,10,777684560,,track_grade4,163031.42977033003,-1873025.8799501117
12641,Elliott,11,768114735,,service,163114.5392870534,-1872944.1290316198
12641,Elliott,12,768114735,,service,163143.92991546713,-1872918.6718567554
12641,Elliott,13,1493486736,,track,164193.47662538133,-1872791.8691987682
57,Five Mile,1,1223940767,,track,85519.69577938138,-2582725.114010924
57,Five Mile,2,93787034,,unclassified,86409.67963813464,-2581402.898883451
57,Five Mile,3,93787034,,unclassified,84492.7740482303,-2581956.5631538318
489,Galawdjapin,1,447412014,,unclassified,311903.5169938704,-1299824.7888096664
489,Galawdjapin,2,447412014,,unclassified,312392.7059776364,-1297888.0185469133
489,Galawdjapin,3,447412015,,track_grade5,312538.0614197431,-1299800.4948619723
963,Garanydjirr,1,442415440,,track_grade3,333803.2757590089,-1298489.0083629189
973,Hingstons Place,1,208044610,Kaczinsky Road,unclassified,229812.49385803618,-2104548.3006222397
973,Hingstons Place,2,1334814326,,track,229852.88892622196,-2104538.1821844033
973,Hingstons Place,3,226560897,Stuart Highway,trunk,229088.47573606568,-2104447.018449528
973,Hingstons Place,4,172569408,Stuart Highway,trunk,229416.70170124783,-2102591.4165192745
973,Hingstons Place,5,1204744982,,track,229202.24007354924,-2102651.208305145
973,Hingstons Place,6,1204744981,,track,229385.8980257567,-2102595.9858128983
973,Hingstons Place,7,1204744461,,track,229301.1001379013,-2102617.0923564015
973,Hingstons Place,8,226561034,Warrego Road,tertiary,228716.36012943138,-2104079.4066404146
800,Hunters Camp,1,509686230,Kakadu Highway,secondary,91288.55079813654,-1336121.5854046524
800,Hunters Camp,2,505983119,Arnhem Highway,secondary,92221.78740979181,-1335972.866318592
800,Hunters Camp,3,172807010,Arnhem Highway,primary,90631.6764514484,-1335345.1298740192
52,Importna,1,448917599,,track,74863.01309496902,-2585123.6625471083
52,Importna,2,93780642,,service,75595.36714297526,-2584822.3270859094
52,Importna,3,1068740878,Larapinta Drive,primary,75672.09879486657,-2584732.955222276
52,Importna,4,93776147,,track,73990.82252011205,-2584580.843645847
52,Importna,5,93776549,,track,74023.04515350552,-2583611.2036724584
52,Importna,6,182528307,Larapinta Drive,primary,73915.05089691422,-2583865.6141015063
932,Inbina Atwatye,1,376662588,Larapinta Drive,primary,171993.19541466414,-2563254.4619067693
932,Inbina Atwatye,2,376662588,Larapinta Drive,primary,173852.05244381237,-2562634.8187970547
932,Inbina Atwatye,3,459809885,,service,173588.1663277214,-2563443.8423533863
932,Inbina Atwatye,4,1266217945,,track,172022.66539883902,-2563303.629604955
932,Inbina Atwatye,5,1266217945,,track,173858.0540116007,-2562703.894836663
932,Inbina Atwatye,6,1486469775,,unclassified,171864.34026990173,-2562686.3947169823
932,Inbina Atwatye,7,1485872453,,track,173564.80525888628,-2562049.236460948
932,Inbina Atwatye,8,1486469774,,track,172659.13894314598,-2561779.977047014
82,Inkwelaye,1,203344393,,unclassified,290158.6020350815,-2379986.844030524
82,Inkwelaye,2,203344390,,unclassified,289067.47570508736,-2378371.345068187
82,Inkwelaye,3,203344420,,track,290720.36930156685,-2378678.5157376053
771,Ipalala,1,448800813,,unclassified,69305.39552131217,-2582355.977135475
921,Irriltyere (A),1,376662588,Larapinta Drive,primary,169975.57697503813,-2563796.98630433
921,Irriltyere (A),2,376662588,Larapinta Drive,primary,171795.33366686018,-2563298.6417903667
921,Irriltyere (A),3,1182599331,,unclassified,169979.30986460688,-2563752.0680297636
921,Irriltyere (A),4,448647003,,residential,170322.96939812298,-2563105.91756498
921,Irriltyere (A),5,1266217945,,track,169972.66198144996,-2563874.61522966
921,Irriltyere (A),6,1266217945,,track,171824.3201100257,-2563344.330738255
921,Irriltyere (A),7,1486469778,,residential,170278.8498908468,-2563145.9051554985
921,Irriltyere (A),8,1486469776,,unclassified,171232.63010717364,-2562901.047111911
921,Irriltyere (A),9,1486469777,,residential,171194.12725180184,-2562891.40264871
921,Irriltyere (A),10,1246973499,,track,170858.75779763554,-2562872.57403679
921,Irriltyere (A),11,1246973499,,track,171103.70917363255,-2562875.2502671108
922,Irriltyere (B),1,448886137,,unclassified,169723.01716994075,-2564000.6561193285
935,Itchy Koo Park,1,376662588,Larapinta Drive,primary,167495.57845304708,-2564565.917094486
935,Itchy Koo Park,2,376662588,Larapinta Drive,primary,166477.3477385797,-2564925.8062378312
935,Itchy Koo Park,3,457648445,,service,167167.62232549858,-2564543.193082154
923,Iteyepintye,1,376662588,Larapinta Drive,primary,161996.05577419244,-2566037.5153186033
923,Iteyepintye,2,376662588,Larapinta Drive,primary,161009.67477795098,-2566160.163899972
923,Iteyepintye,3,448898318,,unclassified,162086.62163271516,-2564515.590666035
923,Iteyepintye,4,448898306,,residential,162392.34226613675,-2565146.66483349
923,Iteyepintye,5,448898308,,residential,162392.3659839491,-2565147.1476206514
923,Iteyepintye,6,448898307,,residential,162392.3072159362,-2565145.9513702667
924,Itperlyenge,1,376662588,Larapinta Drive,primary,162887.7022606878,-2566063.131238694
924,Itperlyenge,2,376662588,Larapinta Drive,primary,162078.25975662615,-2566032.334809864
924,Itperlyenge,3,1030834933,,service,162883.31475189768,-2566064.7011144413
924,Itperlyenge,4,1246945074,,track,162721.84267121274,-2566113.3076577177
924,Itperlyenge,5,448898024,,unclassified,161717.15826009805,-2565733.1872392404
924,Itperlyenge,6,448898024,,unclassified,161537.3595191098,-2565334.64319514
924,Itperlyenge,7,448898029,,track_grade1,161585.63414575992,-2565496.7382415505
924,Itperlyenge,8,448898313,,unclassified,161966.7758168471,-2565969.64260304
924,Itperlyenge,9,457648460,,track_grade4,163505.39327492623,-2564991.1924396977
824,Jemelke,1,776529067,,unclassified,193743.48562690552,-2316602.7802526844
824,Jemelke,2,208044571,,track,193749.62636567868,-2316156.861626878
824,Jemelke,3,208044571,,track,191793.36311092763,-2316568.230224373
824,Jemelke,4,765978977,Stuart Highway,trunk,193770.4437086783,-2316414.540215954
824,Jemelke,5,226560891,Stuart Highway,trunk,191861.31753328754,-2316776.560635111
67,Kaporilya,1,93776005,,unclassified,72821.61510506147,-2584990.333195387
67,Kaporilya,2,93776005,,unclassified,72595.7879399565,-2585026.1463302015
67,Kaporilya,3,93776147,,track,73302.00017063456,-2584687.6489250553
67,Kaporilya,4,93774164,,track,72163.38551755747,-2584949.584699762
67,Kaporilya,5,93776549,,track,72813.14172697312,-2583064.1793783936
67,Kaporilya,6,182528307,Larapinta Drive,primary,73445.02458351431,-2583581.258768397
67,Kaporilya,7,182528307,Larapinta Drive,primary,72750.54769532246,-2583048.5003896793
14240,Kulgera,1,1068917571,Stuart Highway,trunk,128413.28494162545,-2798386.871675113
14240,Kulgera,2,186251359,Finke Road,tertiary,129732.75177734591,-2797065.1384085706
14240,Kulgera,3,1068917572,Stuart Highway,trunk,128344.90458714361,-2796596.619588585
14240,Kulgera,4,1030660779,,track,127859.36892565459,-2797206.9929155977
14240,Kulgera,5,764347070,Old Alignment,track_grade3,128830.9809822511,-2796475.674648456
14240,Kulgera,6,1030660782,,track,129677.02314831171,-2796959.230184968
391,Kungarrewarl,1,198378947,Maningrida Access,secondary,116001.1300437307,-1302231.6420827662
391,Kungarrewarl,2,198378947,Maningrida Access,secondary,117813.32228440995,-1301487.3484829948
391,Kungarrewarl,3,444247568,,track_grade3,117578.75651253096,-1302846.3643052774
391,Kungarrewarl,4,444247581,,track_grade2,117981.44515208098,-1302078.5366500758
391,Kungarrewarl,5,241565361,,tertiary,116714.02727959747,-1301082.3653717213
718,Kuy,1,323262310,,track_grade3,-261673.59030343816,-1488827.6665696742
925,Kwale Kwale,1,376662588,Larapinta Drive,primary,158287.24555395814,-2566615.1103345538
925,Kwale Kwale,2,376662588,Larapinta Drive,primary,159575.52734057626,-2566431.6577630495
925,Kwale Kwale,3,450575012,,track_grade4,157866.97817149287,-2565485.6356820227
14359,Larrimah,1,595075919,,track_grade2,130472.78528683409,-1654942.8859506163
14359,Larrimah,2,482759391,Stuart Highway,trunk,131847.02545702658,-1656281.645578025
14359,Larrimah,3,592021725,,unclassified,131253.0685981362,-1654417.016102978
14359,Larrimah,4,765978972,Stuart Highway,trunk,130985.37653876255,-1654483.2853117238
14359,Larrimah,5,328316986,Larrimah Western Creek Road,unclassified,130713.1517974271,-1656176.77843063
856,Lizard Bore,1,189318493,Gary Junction Road,tertiary,-86850.59264015639,-2511972.465346816
856,Lizard Bore,2,189318493,Gary Junction Road,tertiary,-88645.30024027199,-2512535.4666660354
614,Lul-Tju,1,188736186,Parnta Access Road,unclassified,-148929.3666666848,-1965636.8693422284
614,Lul-Tju,2,188736186,Parnta Access Road,unclassified,-148233.79333753843,-1963765.8092955013
94,Lyilyalanama,1,93781350,,track,75537.27054658,-2585730.035034187
94,Lyilyalanama,2,93781350,,track,75498.08554871222,-2585753.521618055
94,Lyilyalanama,3,93776005,,unclassified,74049.3482109678,-2585159.779358593
94,Lyilyalanama,4,93780622,,track,76007.51459603253,-2584843.3720582663
94,Lyilyalanama,5,1068740878,Larapinta Drive,primary,76008.63253713833,-2584897.785307108
94,Lyilyalanama,6,93776147,,track,74068.29520885205,-2584547.4430760923
94,Lyilyalanama,7,93776549,,track,74541.49755511296,-2583998.3876452954
94,Lyilyalanama,8,182528307,Larapinta Drive,primary,74382.1554255259,-2584103.65201394
897,Mandedjkadjang,1,447934882,,unclassified,225174.61459429344,-1295767.3159939104
897,Mandedjkadjang,2,447934882,,unclassified,226035.65472246378,-1294741.1810377256
23547,Mataranka,1,765978968,Stuart Highway,trunk,116371.66577680211,-1584663.882546874
23547,Mataranka,2,262978366,,track,116234.9597368702,-1584719.2564631072
23547,Mataranka,3,453949962,,service,115183.67785828782,-1584427.1857418388
23547,Mataranka,4,117058672,Carew Road,unclassified,115439.96643393765,-1584635.5528953297
23547,Mataranka,5,334320944,,service,115140.9653212139,-1583157.6410092274
23547,Mataranka,6,334320944,,service,114998.28872570551,-1584119.255759822
23547,Mataranka,7,334320944,,service,115003.05307243529,-1584132.5712169148
23547,Mataranka,8,262978377,,track,116907.6575795212,-1583547.4250425622
23547,Mataranka,9,262978352,,track,116824.86228765073,-1583316.3909404743
23547,Mataranka,10,482759395,Roper Terrace,trunk,115225.58327796764,-1583059.645597416
23547,Mataranka,11,462105405,Martin Road,tertiary,116687.51508291757,-1583111.8566525686
23547,Mataranka,12,262978380,,track,116580.58327771371,-1583005.5787315816
872,Merral Ntarrakala,1,1223940756,,service,82916.24932996991,-2582055.440783724
872,Merral Ntarrakala,2,93786570,,track,82541.57848513256,-2581562.583393403
872,Merral Ntarrakala,3,93782790,,track,83519.97260803166,-2580235.204929246
872,Merral Ntarrakala,4,93787034,,unclassified,83544.83334424194,-2582230.5105779455
872,Merral Ntarrakala,5,93787034,,unclassified,83969.46895086825,-2582107.3298036847
106,Motna's,1,33920888,Palm Valley Track,unclassified,77882.21370979892,-2586099.455924835
106,Motna's,2,227896715,Larapinta Drive,primary,78497.04712922464,-2585185.0950325523
106,Motna's,3,93780622,,track,76573.69411224898,-2584793.6430155295
106,Motna's,4,208044600,,unclassified,78440.75214766354,-2584848.10451683
106,Motna's,5,1068740878,Larapinta Drive,primary,76499.39389721527,-2585137.3254726958
106,Motna's,6,208044535,Kaltjarrinja Street,residential,78387.56890822583,-2584722.452536625
106,Motna's,7,1223940748,,service,78163.78844255439,-2584432.4800618757
106,Motna's,8,776784284,,service,78181.64761867576,-2584448.6666755946
106,Motna's,9,1223940750,,service,78146.9563175601,-2584417.224313039
106,Motna's,10,172293679,Raberaba Circuit,residential,77988.0059897922,-2584306.1046198523
106,Motna's,11,172293679,Raberaba Circuit,residential,78229.11247634544,-2584496.5200544903
106,Motna's,12,93783958,,track,77563.95372057117,-2584179.8186349766
875,Mount Twellar,1,446455293,,track_grade4,164863.51536486272,-2539819.036469723
380,Mudginberri,1,452818436,,residential,95885.5968456568,-1330275.7318451153
380,Mudginberri,2,452826153,,residential,95657.75821981645,-1329062.2510370517
801,Mumukala,1,324991226,,unclassified,73620.46260062903,-1331868.5623722016
801,Mumukala,2,452375172,,track_grade5,73514.46220854494,-1329884.1493762878
648,Muruning,1,134014740,Victoria Highway,trunk,-163846.97215419795,-1667647.4443349373
648,Muruning,2,369735768,,track_grade3,-163319.87890865776,-1665723.051329932
648,Muruning,3,369735768,,track_grade3,-163057.35491453487,-1667581.3924604673
648,Muruning,4,320186826,Victoria Highway,trunk,-163880.83884982864,-1665764.9037012553
648,Muruning,5,320186821,,track,-164194.37171121218,-1665954.4332323098
678,Myatt,1,134014740,Victoria Highway,trunk,-163838.7161073488,-1669166.308536296
678,Myatt,2,134014740,Victoria Highway,trunk,-163925.8322431494,-1671092.9389438815
678,Myatt,3,369735768,,track_grade3,-163308.76545130822,-1671090.5521609057
678,Myatt,4,369735768,,track_grade3,-163193.67839087898,-1669238.3944326176
886,Nadilmuk,1,213563072,,track,254879.02832185,-1266894.503294661
770,Ntakarra,1,93777079,,track,68883.75519454421,-2578068.2960179243
770,Ntakarra,2,93777079,,track,69200.18111936946,-2578266.857442885
770,Ntakarra,3,93777079,,track,69517.5754491732,-2578928.452228973
770,Ntakarra,4,448801069,,track_grade4,69413.08361652505,-2579449.357834836
770,Ntakarra,5,446597492,,track_grade3,68425.2444781704,-2578004.033463351
770,Ntakarra,6,440566916,No Entry (Aboriginal Freehold),unclassified,67530.69783237348,-2578868.7799392873
770,Ntakarra,7,440566916,No Entry (Aboriginal Freehold),unclassified,68048.88695120453,-2578117.8688899465
770,Ntakarra,8,456567646,,track_grade3,67632.4692999487,-2578542.025327274
770,Ntakarra,9,446597493,,track,68862.73176330203,-2578060.773713944
281,Paradise Farm,1,506830569,Kakadu Highway,secondary,59655.00554000182,-1366851.0176463989
281,Paradise Farm,2,330896188,,track,59509.21571523787,-1367093.5083665764
281,Paradise Farm,3,449694095,Kakadu Highway,secondary,59661.53724004432,-1366088.7128702682
926,Payeperrentye (B),1,450575036,,unclassified,157507.14280027474,-2566711.2854866846
926,Payeperrentye (B),2,450575038,,unclassified,157795.15300746614,-2565290.1943060374
926,Payeperrentye (B),3,450575012,,track_grade4,157910.84804033925,-2565508.261355601
927,Perte Therre,1,376662588,Larapinta Drive,primary,167015.68644598345,-2564700.8772062073
927,Perte Therre,2,376662588,Larapinta Drive,primary,165289.80235680073,-2565247.954840707
927,Perte Therre,3,448897354,,unclassified,166994.4335834227,-2564812.700893231
927,Perte Therre,4,457648443,,track_grade3,167009.96764528012,-2564404.447964991
927,Perte Therre,5,457648458,,track_grade3,165039.68226478776,-2564408.0001270664
927,Perte Therre,6,457648460,,track_grade4,165036.2984981703,-2564713.066565287
133,Phillipson Bore,1,778299207,,track_grade4,245453.2742204943,-2603594.0970391454
133,Phillipson Bore,2,376369383,,unclassified,243581.04586586475,-2604118.3630207162
17626,Pine Creek,1,588231908,Jollys Dam Road,unclassified,-18369.940034379535,-1463687.106875792
17626,Pine Creek,2,172802719,Stuart Highway,trunk,-17331.484279476466,-1463312.0409698712
17626,Pine Creek,3,172802719,Stuart Highway,trunk,-18496.926216633638,-1461785.9388091958
17626,Pine Creek,4,591367291,,track,-17997.56763621444,-1463706.2590512575
17626,Pine Creek,5,591367291,,track,-17462.405390097905,-1463456.4816187532
17626,Pine Creek,6,29251848,Chinatown Road,unclassified,-17685.024173627637,-1463609.476320739
17626,Pine Creek,7,374774863,,unclassified,-18874.974304149106,-1463385.8258278547
17626,Pine Creek,8,374774863,,unclassified,-18680.49436353087,-1463553.2720158303
17626,Pine Creek,9,588231905,,track,-18372.60969802581,-1463686.4381598604
17626,Pine Creek,10,776211433,,track,-18333.77556565591,-1463696.1656036295
17626,Pine Creek,11,588231896,,track,-17137.676463396783,-1462802.693169962
17626,Pine Creek,12,29251901,Enterprise Road,unclassified,-19116.485669522368,-1462536.7620214203
17626,Pine Creek,13,4880472,Main Terrace,tertiary,-18772.165622941808,-1461947.5970768665
17626,Pine Creek,14,588231891,,track,-17613.56392718073,-1461863.8343191922
17626,Pine Creek,15,588231891,,track,-17282.58454257031,-1463239.899096033
17626,Pine Creek,16,29251900,Eleanor Road,unclassified,-19033.98464926321,-1462284.6461821522
17626,Pine Creek,17,400422582,,service,-17148.273535152835,-1462551.2138205357
17626,Pine Creek,18,401114270,,service,-17448.773029545602,-1461989.2566665562
17626,Pine Creek,19,401282482,Kakadu Highway,secondary,-18408.18173010637,-1461755.8548042388
861,Rutjingka,1,458816409,,service,82642.1257247192,-2582268.0349179753
861,Rutjingka,2,1223940756,,service,83134.35417365788,-2581384.44318601
861,Rutjingka,3,1223940756,,service,82929.48555182588,-2582013.32150785
861,Rutjingka,4,93786695,,track,83050.93338318264,-2581807.7315217354
18964,Ti Tree,1,226560889,Stuart Highway,trunk,145205.72428346067,-2383025.637913347
18964,Ti Tree,2,777720840,,track_grade3,144068.83856019547,-2382455.102592466
18964,Ti Tree,3,215104253,Nturiya Road,unclassified,144125.00305313035,-2382563.1656622686
18964,Ti Tree,4,226560878,Stuart Highway,trunk,145129.2257092188,-2381063.757345279
18964,Ti Tree,5,215056707,,track_grade3,145735.48024305265,-2382708.78433448
18974,Timber Creek,1,369735768,,track_grade3,-163261.34320606684,-1665977.948553432
18974,Timber Creek,2,320186826,Victoria Highway,trunk,-164157.2548781488,-1664315.8983281644
18974,Timber Creek,3,320186826,Victoria Highway,trunk,-163700.07735447344,-1666256.5238656315
18974,Timber Creek,4,320186821,,track,-164723.505439274,-1664616.6381968867
18974,Timber Creek,5,335663517,Heritage Walk,track_grade3,-164083.83269087074,-1664306.0657783076
18974,Timber Creek,6,29397071,,unclassified,-164120.62075066756,-1664310.464168687
149,Tjamangkurra,1,1223940771,,track,81744.24405880144,-2588100.8723973813
149,Tjamangkurra,2,459803622,,track_grade3,81462.98492955012,-2586415.2423226205
149,Tjamangkurra,3,1223940773,,track,80568.08590314156,-2586493.419308836
149,Tjamangkurra,4,93640275,,unclassified,82083.9165879633,-2587467.4748523324
149,Tjamangkurra,5,93640275,,unclassified,80298.94658258925,-2586736.9288563854
149,Tjamangkurra,6,93782539,,track,81645.02482543596,-2586510.1722473498
762,Tjintirtjintirpa,1,777988300,,track_grade3,-73692.12169575994,-2511778.4151417343
762,Tjintirtjintirpa,2,399080181,,track,-74142.4559482332,-2509831.912275451
762,Tjintirtjintirpa,3,143122348,,track,-74022.64257500837,-2509808.109696753
928,Tnerte,1,376662588,Larapinta Drive,primary,172599.02162070555,-2563115.2717304
928,Tnerte,2,376662588,Larapinta Drive,primary,174024.0204969617,-2562559.2059136415
928,Tnerte,3,1266217945,,track,174074.39088590024,-2562589.3967629117
928,Tnerte,4,1266217945,,track,172577.23366798874,-2563188.9995044526
928,Tnerte,5,440540132,,residential,174516.95194410565,-2563206.5671989745
928,Tnerte,6,440540124,,residential,174503.81355885955,-2563154.115824915
928,Tnerte,7,448647005,,unclassified,172687.50459866258,-2562924.165210409
928,Tnerte,8,377597055,,residential,174277.741013233,-2562757.788048716
928,Tnerte,9,1485872461,,residential,172816.77052272312,-2562752.573267425
928,Tnerte,10,1485872459,,residential,172896.04636083028,-2562676.582190507
928,Tnerte,11,1486468931,,unclassified,172921.01953266637,-2562655.6804765547
928,Tnerte,12,1485326896,,unclassified,173104.03152156968,-2562540.129708206
928,Tnerte,13,1485872454,,track,173330.68955967098,-2562460.4954770673
155,Tnyimipurta,1,446597492,,track_grade3,68619.38657787848,-2578045.8548349747
155,Tnyimipurta,2,440566916,No Entry (Aboriginal Freehold),unclassified,67293.88469234845,-2579126.8191490415
155,Tnyimipurta,3,440566916,No Entry (Aboriginal Freehold),unclassified,68412.98726585729,-2577564.8214176144
929,Twetye (A),1,376662588,Larapinta Drive,primary,173020.2934528145,-2562963.4694056273
929,Twetye (A),2,376662588,Larapinta Drive,primary,171392.63877053725,-2563388.571426126
929,Twetye (A),3,1248088754,,track,171330.0141316958,-2563325.3296606643
929,Twetye (A),4,1266217945,,track,172992.43036954483,-2563040.3364117267
929,Twetye (A),5,1266217945,,track,171445.3114224891,-2563434.7173899184
929,Twetye (A),6,448646988,,residential,171112.60616075157,-2562942.8930885326
929,Twetye (A),7,448646987,,residential,173032.0971780524,-2562924.338694745
929,Twetye (A),8,1246973499,,track,171097.10447273718,-2562881.006880953
929,Twetye (A),9,459875684,,service,171084.28646692925,-2562816.209066982
929,Twetye (A),10,459875684,,service,171083.72217467762,-2562812.404917625
929,Twetye (A),11,1485872458,,track,173058.85815191132,-2562795.3853020556
929,Twetye (A),12,1485326896,,unclassified,172871.54932095075,-2562058.5794618526
929,Twetye (A),13,1485326896,,unclassified,173050.79090614343,-2562849.709148853
929,Twetye (A),14,1486469774,,track,172663.2356567231,-2561850.9744053273
930,Twetye (B),1,376662588,Larapinta Drive,primary,170487.88176990388,-2563677.032383583
930,Twetye (B),2,376662588,Larapinta Drive,primary,172106.2791884167,-2563229.1084731137
930,Twetye (B),3,1182599331,,unclassified,170404.92748754253,-2563593.9519119086
930,Twetye (B),4,448647003,,residential,170168.26452887038,-2563105.497386495
930,Twetye (B),5,1266217945,,track,170539.19925130164,-2563720.006457806
930,Twetye (B),6,1266217945,,track,172084.12785671846,-2563291.017297872
930,Twetye (B),7,1486469778,,residential,170168.32732718228,-2563105.920738326
930,Twetye (B),8,448646988,,residential,170207.76869627208,-2563256.5510914363
930,Twetye (B),9,1182599045,,track,170156.88292809587,-2563028.1327564176
930,Twetye (B),10,448647004,,unclassified,172129.12834150027,-2563141.212987013
930,Twetye (B),11,1486468943,,residential,172110.57058093866,-2562646.833716462
931,Tywenpe (A),1,1485567483,,track,175482.90335250326,-2560929.1623816784
931,Tywenpe (A),2,460002184,,residential,174993.44928051974,-2561989.9505673293
931,Tywenpe (A),3,69358288,Darken Drive,unclassified,175351.9480147955,-2561644.292862655
931,Tywenpe (A),4,1485872453,,track,173725.9827227617,-2561751.2917251033
931,Tywenpe (A),5,69358286,Darken Drive,unclassified,174869.78005281635,-2560191.2807138027
933,Tywenpe (C),1,376662588,Larapinta Drive,primary,169655.9288682848,-2563837.0246445485
933,Tywenpe (C),2,376662588,Larapinta Drive,primary,171230.35423153668,-2563424.8147256826
933,Tywenpe (C),3,448886137,,unclassified,169679.3992418784,-2563855.466518386
933,Tywenpe (C),4,1266217944,,track,169675.6332118627,-2563852.673440167
933,Tywenpe (C),5,448885372,,residential,170939.9968054151,-2563834.566544564
933,Tywenpe (C),6,1182599331,,unclassified,169597.8540287671,-2563784.3886781605
933,Tywenpe (C),7,1248088754,,track,171259.40562288227,-2563336.6064960784
933,Tywenpe (C),8,1266217945,,track,169782.80726122233,-2563926.2162633077
933,Tywenpe (C),9,1266217945,,track,171203.12654642115,-2563489.097847151
933,Tywenpe (C),10,448647002,,unclassified,171291.2893292257,-2562968.30764649
933,Tywenpe (C),11,1486469776,,unclassified,171279.1717221916,-2562886.617375402
934,Tywenpe (D),1,1266217945,,track,168610.9777653925,-2564351.4666320626
934,Tywenpe (D),2,460008793,,unclassified,168479.3823289652,-2564371.0204344434
760,Ulambara,1,783468122,,track,-6887.333595091064,-2508798.8615044365
760,Ulambara,2,143126491,,unclassified,-6912.16569245057,-2510585.7919903216
760,Ulambara,3,143126491,,unclassified,-7253.5047599965155,-2508691.0346828997
760,Ulambara,4,777731426,,track_grade2,-8234.658391466752,-2509227.7402896257
760,Ulambara,5,143126484,,unclassified,-7486.751419919049,-2508697.4991244934
760,Ulambara,6,143126463,,track_grade4,-7688.822974410242,-2508748.0482542827
162,Ulpanyali,1,93652317,,unclassified,-49279.66551866079,-2616993.8665491478
162,Ulpanyali,2,1545739698,,unclassified,-49173.33475063446,-2616675.415659589
772,Ulpunda,1,33920888,Palm Valley Track,unclassified,77877.71887842417,-2586398.123980122
772,Ulpunda,2,227896710,Larapinta Drive,primary,78100.3325660175,-2585421.6544276588
772,Ulpunda,3,93780622,,track,76758.72072609766,-2584796.6371842343
772,Ulpunda,4,1068740878,Larapinta Drive,primary,76378.11190802533,-2585078.1275245543
711,Undoolya Bore,1,321973983,,unclassified,214620.4950700538,-2563870.581379392
711,Undoolya Bore,2,884877420,,track,214611.0509491461,-2563832.878335288
711,Undoolya Bore,3,803493621,Ross Highway,secondary,214620.40801704722,-2564312.6783818
711,Undoolya Bore,4,803493621,Ross Highway,secondary,213908.58452227645,-2565055.377170568
711,Undoolya Bore,5,182885003,Binns Track,track,214098.49410876984,-2564982.397324873
908,Wakurlpu,1,484620382,Stuart Highway,trunk,230144.59521701024,-2217349.914422795
908,Wakurlpu,2,260732745,,track,230056.4951497216,-2217389.100074523
908,Wakurlpu,3,75521499,,service,230240.33572222292,-2217295.3324620835
908,Wakurlpu,4,226561111,,service,230206.65090128555,-2217315.5223667687
908,Wakurlpu,5,770265842,,track_grade3,230285.1068316937,-2217263.636618899
908,Wakurlpu,6,770265842,,track_grade3,230413.46325582068,-2217152.491586098
908,Wakurlpu,7,121502786,Stuart Highway,trunk,229877.44445328962,-2215474.7911029467
908,Wakurlpu,8,260732749,,track,228829.89130565088,-2215958.6767362654
178,Wanmarra,1,460910527,,unclassified,-19282.26239230737,-2634972.6359192943
180,Warumpi,1,189318505,Warumpi Road,unclassified,-3429.2166417688677,-2499804.3952872856
180,Warumpi,2,189318555,,track,-2430.9910768885916,-2500385.2985531525
877,Wataru,1,187125445,Private Road,residential,-293118.9068078322,-2690833.349089267
877,Wataru,2,740132681,Tjukaruru Road,primary,-293089.96965519415,-2690805.641092545
877,Wataru,3,740132681,Tjukaruru Road,primary,-294743.410896019,-2690447.766141497
877,Wataru,4,399509192,,track,-294409.334686202,-2689311.826455177
952,Wiitin,1,794399115,,service,232915.20817924413,-2095905.9345364205
952,Wiitin,2,777660554,,track_grade3,232914.24292734382,-2095903.2368380807
952,Wiitin,3,320682478,,track,234753.9264884963,-2095130.6530471093
432,Wilgi,1,645135715,,track_grade2,84085.30429209136,-1210751.2012409489
432,Wilgi,2,460114484,,track,84528.27795696183,-1210119.841606058
275,Wollogorang,1,1073522132,Westmoreland Road,tertiary,638868.7307818711,-1850121.5877305511
275,Wollogorang,2,206879316,,track,638759.8712671202,-1849996.7280403427
275,Wollogorang,3,344919584,Wollogorang Road,tertiary,637412.4469409091,-1849959.8699646306
707,Wunara,1,154686853,,service,481480.26203308615,-2150785.4588233125
707,Wunara,2,794399113,Barkly Highway,trunk,480498.1840695228,-2150791.6713253916
707,Wunara,3,794399113,Barkly Highway,trunk,481363.31572092406,-2150729.9055573167
817,Wurlbu,1,174189789,Carpentaria Highway,primary,461201.1425928023,-1718280.17406179
817,Wurlbu,2,174189789,Carpentaria Highway,primary,460238.0761941603,-1718242.7693429217
569,Yanungbi,1,47067247,Scout Camp Road,unclassified,516000.6862862442,-1305047.0536959001
569,Yanungbi,2,47067247,Scout Camp Road,unclassified,515102.09129403695,-1303754.1295428923
939,Yartalu Yartalu,1,320600156,,service,-169610.42790540998,-2208457.167598724
