Community_ID,Community,Population,Accessible by road,osm_id,name,fclass,road_distance_m,component_id,component_size
963,Garanydjirr,7,1,447678281,,track_grade4,0.182424562,0,710399
131,Papunya,514,1,776442266,,service,0.234912538,0,710399
928,Tnerte,18,1,377597054,,service,0.237668841,0,710399
934,Tywenpe (D),6,1,460008794,,unclassified,0.319473581,0,710399
925,Kwale Kwale,16,1,450575011,,unclassified,0.633324673,0,710399
932,Inbina Atwatye,5,1,1485872461,,residential,0.731734276,0,710399
931,Tywenpe (A),20,1,1485872009,,track,0.812808334,0,710399
920,Elitjia,10,1,1030834930,,track,0.991191812,0,710399
908,Wakurlpu,8,1,320701496,,unclassified,1.083149784,0,710399
174,Wallace Rockhole,102,1,208044799,Roesch Street,residential,1.105395709,0,710399
198,Yuendumu,869,1,188551895,Conniston Road,residential,1.183939652,0,710399
624,Minyerri,763,1,327344858,,residential,1.308383278,0,710399
531,Milingimbi,1288,0,1368381527,Murrudanga Road,residential,1.320424248,13,367
591,Daguragu,230,1,444577919,,residential,1.46885136,0,710399
17626,Pine Creek,373,1,29251887,Ward Street,residential,1.560110065,0,710399
294,Belyuen,175,1,371477364,,residential,1.607420734,0,710399
939,Yartalu Yartalu,0,1,320600156,,service,1.642360072,0,710399
252,Marlinja,52,1,94231882,Marlinja,residential,1.658139795,0,710399
21684,Newcastle Waters,0,0.5,1417745880,Drovers Drive,residential,1.742339699,0,710399
26,Orrtipa-Thurra,38,1,193289897,,residential,1.782911104,0,710399
410,Peppimenarti,223,1,320163317,,residential,1.811586865,0,710399
927,Perte Therre,14,1,457648440,,residential,1.828404878,0,710399
9,Amoonguna,269,1,440537514,Mulga Street,residential,2.035703427,0,710399
363,Manmoyi,106,1,452385612,,residential,2.483369322,0,710399
411,Pirlangimpi,372,0,96394830,,residential,2.755354146,2,5790
500,Gapuwiyak,828,1,207544303,Marwuyu Street,residential,2.767767244,0,710399
256,Wandangula,42,1,101093951,,unclassified,2.786388204,0,710399
933,Tywenpe (C),25,1,448647003,,residential,2.821858955,0,710399
929,Twetye (A),6,1,1486468943,,residential,2.840868915,0,710399
82,Inkwelaye,25,1,448796126,,residential,3.013961865,0,710399
66,Kaltukatjara,269,1,359226991,,track,3.05505963,0,710399
12194,Daly Waters,0,1,809069012,Stuart Street,tertiary,3.089241416,0,710399
930,Twetye (B),15,1,448646988,,residential,3.119935934,0,710399
807,Galawarra,0,0.5,447405435,,track_grade4,3.168716237,5,1939
397,Nauiyu,411,1,403885326,,service,3.192901174,0,710399
872,Merral Ntarrakala,4,1,1223940754,,track,3.595667831,0,710399
865,Bardalumba,31,0.5,96099981,Bartalumba Bay Road,tertiary,3.753660653,1,7681
582,Binjari,282,1,775986105,,residential,4.230286696,0,710399
593,Jilkminggan,309,1,422688285,,residential,4.371638788,0,710399
622,Amanbidji,88,1,99875544,,residential,4.433418343,0,710399
178,Wanmarra,12,1,460910542,,track_grade3,4.546505386,0,710399
380,Mudginberri,40,1,452826153,,residential,4.565592606,0,710399
155,Tnyimipurta,11,1,456567647,,track_grade3,5.016788291,0,710399
545,Ngadumiyerrka,34,0.5,441138068,,tertiary,5.078308335,1,7681
648,Muruning,28,1,320186816,,residential,5.391017111,0,710399
921,Irriltyere (A),6,1,448885372,,residential,5.421278945,0,710399
718,Kuy,34,1,323262310,,track_grade3,5.661731952,0,710399
896,Dhambala,0,0.5,444874431,Dhambala,unclassified,5.891105615,5,1939
658,Yarralin,332,1,320305827,,residential,6.418203675,0,710399
707,Wunara,0,1,189601135,,unclassified,6.493489867,0,710399
36,Finke,224,1,1201029992,,service,6.631329335,0,710399
922,Irriltyere (B),9,1,448886137,,unclassified,7.36496155,0,710399
492,Galiwinku,2582,0,475260215,Galiwinku,residential,7.569690515,5,1939
856,Lizard Bore,0,1,451686767,Community Access,track_grade3,7.71079997,0,710399
514,Gunyangara,283,1,446277094,Yunupingu Drive,residential,8.008223095,0,710399
41,Haasts Bluff,96,1,399313984,,residential,8.037995725,0,710399
147,Arawerr,80,1,203344420,,track,8.394315105,0,710399
426,Wadeye,2259,1,323166354,Perdjert Street,residential,8.662420217,0,710399
203,Alpurrurulam,411,1,193262418,Antyper Street,residential,9.073568773,0,710399
12769,Five Mile,27,0.5,370859368,,service,9.082013146,0,710399
227,Wutunugurra,168,1,321327965,,residential,9.90552187,0,710399
744,Pickertaramoor,0,0.5,457891809,,residential,10.20963213,2,5790
498,Gan Gan,87,1,447666788,,service,10.39520879,0,710399
86,Laramba,222,1,99019386,Ayerrer Street,residential,10.69203427,0,710399
18974,Timber Creek,326,1,29397070,,service,10.80012209,0,710399
33,Engawala,193,1,446798737,Turner Street,residential,10.9275491,0,710399
949,Bunhanura,14,1,278855653,,track,11.1947572,0,710399
654,Weemol,109,1,460923435,,residential,11.24976563,0,710399
721,Likkaparta,0,1,451050843,,unclassified,12.44540768,0,710399
429,Warruwi,507,0,185154099,,residential,12.75941646,10,682
400,Wurrumiyanga,1668,0,96215117,Nguiu Street,residential,12.86108994,3,4864
362,Maningrida,2956,1,1340874120,,service,13.0688302,0,710399
532,Milyakburra,124,0,454435183,,service,13.1655968,8,1024
924,Itperlyenge,0,1,448898306,,residential,13.59069189,0,710399
180,Warumpi,16,1,189318505,Warumpi Road,unclassified,13.94082323,0,710399
549,Numbulwar,799,1,770305090,,residential,14.19511534,0,710399
603,Kalkarindji,450,1,188724865,Japalyi Street,residential,14.40269841,0,710399
94,Lyilyalanama,4,1,93780642,,service,14.47994807,0,710399
25,Blackwater,9,1,143126494,,unclassified,14.86130957,0,710399
550,Ramingining,956,1,207543332,Dunganda Crescent,residential,14.91485944,0,710399
112,Mount Liebig,282,1,143120718,Kelly Road,residential,15.05902087,0,710399
633,Ngukurr,1277,1,844272270,,residential,15.32749466,0,710399
434,Woodycupaldiya,36,1,404275704,,residential,15.7584164,0,710399
678,Myatt,25,1,142782831,Myatt,residential,16.41502122,0,710399
18964,Ti Tree,103,1,208044677,Stuart Highway,residential,16.43919182,0,710399
319,Gochan Jiny Jirra,0,1,213565376,,track,16.55088132,0,710399
772,Ulpunda,10,1,93781653,,service,16.65785757,0,710399
10677,Batchelor,0,1,178705833,,service,17.08792731,0,710399
804,Gutjangan,31,0.5,442983674,,track_grade5,17.27802386,11,550
600,Hodgson River Station,0,1,448300547,,service,17.33519145,0,710399
148,Titjikala,230,1,189467796,,residential,17.43527786,0,710399
432,Wilgi,9,1,645135715,,track_grade2,17.46619969,0,710399
801,Mumukala,18,1,324991226,,unclassified,18.14984294,0,710399
12641,Elliott,337,1,208044558,Kooringa Street,residential,18.16911925,0,710399
11092,Borroloola,886,1,29222443,Robinson Road,secondary,18.5364251,0,710399
464,Birany Birany,40,1,442035394,,track_grade2,18.77273609,0,710399
244,Mungkarta,0,1,455828221,,residential,19.09289712,0,710399
14359,Larrimah,0,1,252346280,Town Road,residential,19.18129058,0,710399
770,Ntakarra,4,1,446597492,,track_grade3,19.33300215,0,710399
886,Nadilmuk,0,1,213563072,,track,19.73647269,0,710399
892,Sandy Bay,2,0.5,184791295,Sandy Beach Access Track,unclassified,19.7898098,6,1577
642,Rockhole,115,1,458776623,,service,20.00276498,0,710399
407,Paru,3,0.5,457176420,Paru Milikapiti Road,unclassified,20.11882678,2,5790
595,Manyallaluk,121,1,203879223,,residential,20.14369601,0,710399
586,Bulla,77,1,173590142,Janyima Road,residential,20.3497835,0,710399
375,Minjilang,311,0,184791316,,residential,21.07706875,6,1577
641,Rittarangu,139,1,242190310,,residential,21.33031053,0,710399
51,Imanpa,146,1,208044515,Waterhole Road,residential,21.35324394,0,710399
23547,Mataranka,384,1,117058673,Warloch Street,residential,21.75796997,0,710399
981,Djirrbiyak,0,1,445554024,,residential,22.39995546,0,710399
489,Galawdjapin,14,1,447412014,,unclassified,22.4302055,0,710399
555,Umbakumba,492,0,96104004,Membirradikba Street,residential,22.61866563,1,7681
128,Nyirripi,295,1,1410831218,Church Street,residential,22.91294664,0,710399
67,Kaporilya,14,1,93774164,,track,22.94525708,0,710399
391,Kungarrewarl,2,1,444247571,,track_grade3,23.10136277,0,710399
875,Mount Twellar,17,1,446455293,,track_grade4,23.15821029,0,710399
968,Armorran,7,1,440558396,,track_grade5,23.20706112,0,710399
923,Iteyepintye,45,1,448898027,,service,23.3891013,0,710399
258,Robinson River,211,1,379428386,,residential,23.42750903,0,710399
926,Payeperrentye (B),2,1,450575036,,unclassified,23.78592377,0,710399
404,Nganmarriyanga,427,1,323254506,,unclassified,23.94325348,0,710399
469,Rorruwuy,40,1,455250124,,track_grade4,24.07460365,0,710399
57,Five Mile,5,1,1223940767,,track,24.08892553,0,710399
762,Tjintirtjintirpa,0,1,143122348,,track,24.09312059,0,710399
168,Arlparra,108,1,920025218,,residential,24.39671195,0,710399
587,Bulman,190,1,442874235,,residential,25.36344509,0,710399
517,Gurrumuru,34,1,447980462,,track_grade2,25.86957753,0,710399
711,Undoolya Bore,25,1,460320738,,track_grade3,25.99712179,0,710399
524,Mapuru,97,1,447694295,,unclassified,26.19146694,0,710399
329,Gunbalanya,1354,1,241565355,,residential,26.77557195,0,710399
897,Mandedjkadjang,0,1,447934883,,service,27.18724956,0,710399
20,Areyonga,277,1,227775403,Utju Drive,residential,27.37051655,0,710399
63,Irrultja,45,1,322007963,,unclassified,27.55422456,0,710399
145,Santa Teresa,708,1,172864514,,residential,27.67596667,0,710399
10153,Adelaide River,0,1,175306288,Becker Street,residential,27.69585257,0,710399
868,Wurankuwu,22,0.5,399861905,Ranku Road,secondary,27.70251004,3,4864
580,Barunga,396,1,370569904,Ngalakan Street,residential,28.20767006,0,710399
973,Hingstons Place,0,1,776554261,,service,28.5938061,0,710399
919,Arrillhjere,4,1,440574356,,unclassified,28.83375105,0,710399
800,Hunters Camp,4,1,448307685,,unclassified,28.97857396,0,710399
569,Yanungbi,15,1,47067247,Scout Camp Road,unclassified,29.00026368,0,710399
664,Dhudupu,0,0.5,1410520098,,track_grade3,29.62686539,5,1939
581,Wugularr,636,1,29226653,Ngalagan Street,residential,29.84691322,0,710399
522,Malkala,94,0.5,452222098,,residential,30.09474765,1,7681
264,Tara,60,1,321679777,,residential,31.20213432,0,710399
451,Angurugu,1037,0,241089631,,tertiary,31.61015936,1,7681
817,Wurlbu,5,1,456938921,,service,31.65406032,0,710399
127,Nturiya,77,1,321690639,,residential,31.99018545,0,710399
275,Wollogorang,2,1,446456528,,track_grade4,32.76716352,0,710399
138,Pmara Jutunta,169,1,226561181,Glenn Street,residential,33.88438106,0,710399
544,Ngayawilli,9,0.5,447212162,,track_grade4,34.77703424,5,1939
72,Kintore,493,1,185819810,,residential,35.35507152,0,710399
280,Alamirra,6,0.5,236956820,,track,35.70667766,6,1577
571,Yathalamarra,67,1,461805626,,residential,35.82385617,0,710399
219,Canteen Creek,190,1,320734778,Ingkerrenh Street,residential,36.00789764,0,710399
760,Ulambara,6,1,460295724,,unclassified,36.71171717,0,710399
202,Ali Curung,463,1,320750386,Jungarrayi Street,residential,37.18037353,0,710399
608,Kybrook Farm,0,1,776214655,,unclassified,37.7294624,0,710399
146,Atnarara,68,1,440735764,,service,38.05083024,0,710399
34,Eight Mile,0,1,446597492,,track_grade3,38.58334935,0,710399
465,Bodia,56,0.5,1368381542,,track,38.70740349,13,367
952,Wiitin,0,1,794399115,,service,39.44629172,0,710399
14240,Kulgera,0,1,93973538,Kulgera Crescent,service,40.24065753,0,710399
609,Lajamanu,767,1,188702792,,residential,40.6539905,0,710399
771,Ipalala,3,1,448800813,,unclassified,40.73292039,0,710399
473,Dhalinybuy,92,1,1238173570,,track_grade2,41.27904928,0,710399
542,Ngangalala,70,1,447678284,,unclassified,41.38583093,0,710399
374,Milikapiti,486,0,1301600941,,residential,41.40659308,2,5790
106,Motna's,2,1,179051593,,service,41.87554481,0,710399
877,Wataru,10,1,399509192,,track,42.95771085,0,710399
149,Tjamangkurra,6,1,459803623,,track_grade3,43.03246683,0,710399
576,Yirrkala,771,1,62220048,Gurrumuru Road,residential,43.04174582,0,710399
43,Hermannsburg,647,1,172293679,Raberaba Circuit,residential,44.13286505,0,710399
187,Wilora,69,1,770236725,,service,44.56882922,0,710399
186,Willowra,261,1,770267895,,service,46.84850568,0,710399
477,Dhipirrinjura,50,1,445443556,,track_grade4,48.14745551,15,328
52,Importna,5,1,93776305,,residential,49.77237007,0,710399
916,Angatyepe,11,1,440540132,,residential,51.14090277,0,710399
614,Lul-Tju,0,1,188736186,Parnta Access Road,unclassified,51.48800135,0,710399
250,Imangara,79,1,745880979,,residential,51.80184134,0,710399
861,Rutjingka,4,1,93786570,,track,54.81675232,0,710399
458,Baniyala,138,1,441135203,,residential,57.26422493,0,710399
639,Nitjpurru,142,1,458060102,,residential,58.65635543,0,710399
10,Ampilatwatja,515,1,320796768,Middle Street,residential,60.80911898,0,710399
65,Iwupataka,0,0.5,448898853,,track_grade3,61.315821,0,710399
133,Phillipson Bore,6,1,376369383,,unclassified,62.78745277,0,710399
197,Yuelamu,175,1,143574649,,residential,66.20508548,0,710399
24904,Brumby Plains,28,1,440949744,,track_grade5,80.40746936,0,710399
935,Itchy Koo Park,46,1,448897359,,unclassified,82.09627333,0,710399
162,Ulpanyali,13,1,93652313,,track,97.31203521,0,710399
42,Atitjere,239,1,193303668,Quartz Street,residential,104.3698198,0,710399
824,Jemelke,4,1,208044571,,track,120.818411,0,710399
46,Dons Bore,2,1,188551915,,unclassified,141.9917824,0,710399
120,Mutitjulu,314,1,32640272,,residential,154.4288422,0,710399
281,Paradise Farm,12,1,330896188,,track,184.7032725,0,710399
