Community_ID,Community,Community_Type,Population,Latitude,Longitude,NTG_Region,Health centre,Police station,School,Regional council service centre,Community store,Internet,Mobile phone,WiFi,Accessible by road,Aerodrome
202,Ali Curung,Major,463,-21.00333,134.40694,BARKLY,1,1,1,1,1,1,1,1,1,1
203,Alpurrurulam,Major,411,-20.98417,137.84749,BARKLY,1,0.5,1,1,1,1,1,1,1,1
622,Amanbidji,Major,88,-16.42806,129.6189,BIG RIVERS,1,0,1,0,1,0,0,0.5,1,1
9,Amoonguna,Major,269,-23.76632,133.93599,CENTRAL AUSTRALIA,1,0,1,1,0,1,1,1,1,0
10,Ampilatwatja,Major,515,-21.65664,135.22509,BARKLY,1,0,1,1,1,1,1,1,1,1
451,Angurugu,Major,1037,-13.98224,136.46057,EAST ARNHEM,1,1,1,1,1,1,1,1,0,1
147,Arawerr,Minor,80,-22.01371,134.84618,BARKLY,0.5,0.5,0.5,0.5,0.5,0.5,0.5,1,1,0.5
20,Areyonga,Major,277,-24.07361,132.27083,CENTRAL AUSTRALIA,1,0,1,1,1,1,0,1,1,1
42,Atitjere,Major,239,-22.9843,134.9341,CENTRAL AUSTRALIA,1,1,1,1,1,1,1,1,1,1
458,Baniyala,Minor,138,-13.2004,136.2261,EAST ARNHEM,1,0.5,1,0.5,1,0.5,0.5,0.5,1,0.5
580,Barunga,Major,396,-14.52363,132.86668,BIG RIVERS,1,0,1,1,1,1,1,0,1,1
294,Belyuen,Major,175,-12.5386,130.6999,TOP END,1,0,1,1,1,1,1,1,1,1
582,Binjari,Minor,282,-14.5502,132.1815,BIG RIVERS,1,0,0,0,1,1,1,0.5,1,0
464,Birany Birany,Minor,40,-12.81703,136.47669,EAST ARNHEM,0.5,0.5,0.5,0.5,0.5,0.5,0.5,0.5,1,0.5
586,Bulla,Minor,77,-15.76492,130.03936,BIG RIVERS,1,0,1,0,1,1,1,0.5,1,1
587,Bulman,Major,190,-13.66529,134.33335,BIG RIVERS,1,0.5,1,1,1,1,1,1,1,1
219,Canteen Creek,Major,190,-20.64508,135.58678,BARKLY,1,0,1,0,1,1,1,1,1,1
591,Daguragu,Major,230,-17.40059,130.80491,BIG RIVERS,0,0,0,0,0,1,1,1,1,1
473,Dhalinybuy,Minor,92,-12.4125,136.3878,EAST ARNHEM,1,0.5,0.5,0.5,0.5,0.5,0.5,0.5,1,0.5
33,Engawala,Minor,193,-22.80257,134.45547,CENTRAL AUSTRALIA,0.5,0,1,1,1,0,1,1,1,1
36,Finke,Major,224,-25.58144,134.57842,CENTRAL AUSTRALIA,1,0.5,1,1,1,1,1,1,1,1
492,Galiwinku,Major,2582,-12.0235,135.5664,EAST ARNHEM,1,1,1,1,1,1,1,1,0,1
498,Gan Gan,Minor,87,-13.04605,135.94354,EAST ARNHEM,1,0.5,0.5,0.5,0.5,0.5,0.5,0.5,1,0.5
500,Gapuwiyak,Major,828,-12.50322,135.80587,EAST ARNHEM,1,1,1,1,1,1,1,1,1,1
319,Gochan Jiny Jirra,Minor,0,-12.19925,134.45751,TOP END,0.5,0.5,0.5,0.5,0.5,0.5,0.5,0.5,1,0.5
329,Gunbalanya,Major,1354,-12.324,133.056,TOP END,1,1,1,1,1,1,1,1,1,1
514,Gunyangara,Minor,283,-12.21542,136.70569,EAST ARNHEM,1,0,1,1,1,1,1,1,1,1
517,Gurrumuru,Minor,34,-12.59224,136.23168,EAST ARNHEM,1,0.5,0.5,0.5,0.5,0.5,0.5,0.5,1,0.5
41,Haasts Bluff,Major,96,-23.44733,131.88129,CENTRAL AUSTRALIA,0.5,0.5,1,1,1,0,0,1,1,1
43,Hermannsburg,Major,647,-23.9427,132.7787,CENTRAL AUSTRALIA,1,1,1,1,1,1,1,1,1,1
600,Hodgson River Station,Minor,0,-15.57495,134.09553,BIG RIVERS,0.5,0.5,0.5,0.5,0.5,0.5,0.5,0.5,1,0.5
250,Imangara,Minor,79,-21.04961,134.68117,BARKLY,0,0,1,0,1,0,0,0.5,1,1
51,Imanpa,Major,146,-25.13051,132.56999,CENTRAL AUSTRALIA,1,0.5,1,1,1,0,1,1,1,0
63,Irrultja,Minor,45,-21.97997,135.11128,BARKLY,0.5,0.5,0.5,0.5,0.5,0.5,0.5,1,1,0.5
65,Iwupataka,Minor,0,-23.79061,133.50327,CENTRAL AUSTRALIA,0.5,0.5,0.5,0.5,0.5,0.5,0.5,0.5,0.5,0.5
593,Jilkminggan,Minor,309,-14.95306,133.3,BIG RIVERS,1,0,1,1,1,1,1,0.5,1,0
603,Kalkarindji,Major,450,-17.44675,130.83212,BIG RIVERS,1,1,1,1,1,1,1,1,1,1
66,Kaltukatjara,Major,269,-24.87611,129.07916,CENTRAL AUSTRALIA,1,0.5,1,1,1,1,1,1,1,1
72,Kintore,Major,493,-23.27591,129.38725,CENTRAL AUSTRALIA,1,1,1,1,1,1,1,1,1,1
608,Kybrook Farm,Minor,0,-13.86316,131.82196,BIG RIVERS,0,0,0,0,0,0.5,1,0.5,1,0
609,Lajamanu,Major,767,-18.33584,130.63834,BIG RIVERS,1,1,1,1,1,1,1,1,1,1
86,Laramba,Major,222,-22.53297,132.75603,CENTRAL AUSTRALIA,1,0,1,1,1,0,1,1,1,1
721,Likkaparta,Minor,0,-19.34336,134.53799,BARKLY,0.5,0.5,0.5,0.5,0.5,0.5,0.5,0.5,1,0.5
362,Maningrida,Major,2956,-12.05085,134.22363,TOP END,1,1,1,1,1,1,1,1,1,1
363,Manmoyi,Minor,106,-12.54064,134.11001,TOP END,0.5,0.5,0.5,0.5,0.5,0.5,1,0.5,1,0.5
595,Manyallaluk,Minor,121,-14.26649,132.82797,BIG RIVERS,1,0,1,1,0,1,1,0.5,1,1
524,Mapuru,Minor,97,-12.25318,135.43779,EAST ARNHEM,0.5,0.5,1,0.5,0.5,0.5,0.5,0.5,1,0.5
252,Marlinja,Minor,52,-17.37111,133.40305,BARKLY,0.5,0.5,1,0.5,0.5,0.5,0.5,0.5,1,0.5
374,Milikapiti,Major,486,-11.42167,130.67418,TOP END,1,1,1,1,1,1,1,0,0,1
531,Milingimbi,Major,1288,-12.1036,134.9201,EAST ARNHEM,1,1,1,1,1,1,1,1,0,1
532,Milyakburra,Major,124,-13.78389,136.19583,EAST ARNHEM,1,0,1,1,1,0,1,0.5,0,1
375,Minjilang,Major,311,-11.1507,132.5786,TOP END,1,1,1,1,1,1,1,0.5,0,1
624,Minyerri,Major,763,-15.2216,134.0821,BIG RIVERS,1,0.5,1,1,1,1,1,1,1,1
112,Mount Liebig,Major,282,-23.26605,131.27319,CENTRAL AUSTRALIA,1,0,1,1,1,1,1,1,1,1
244,Mungkarta,Minor,0,-20.33702,134.19843,BARKLY,1,0.5,0.5,0.5,0.5,0.5,0.5,1,1,0.5
120,Mutitjulu,Major,314,-25.3523,131.0667,CENTRAL AUSTRALIA,1,1,1,0,1,1,1,1,1,0
397,Nauiyu,Major,411,-13.75054,130.68893,TOP END,1,1,1,1,1,1,1,1,1,1
542,Ngangalala,Minor,70,-12.29835,134.99224,EAST ARNHEM,0.5,0.5,0.5,0.5,0.5,0.5,0.5,0.5,1,0.5
404,Nganmarriyanga,Major,427,-14.35111,129.87889,TOP END,1,0,1,1,1,1,1,1,1,1
633,Ngukurr,Major,1277,-14.7317,134.7321,BIG RIVERS,1,1,1,1,1,1,1,1,1,1
639,Nitjpurru,Minor,142,-16.81412,131.22037,BIG RIVERS,1,0,1,0,1,0,0,0.5,1,1
127,Nturiya,Major,77,-22.12379,133.26529,CENTRAL AUSTRALIA,0,0,0,0,0,1,1,1,1,0
549,Numbulwar,Major,799,-14.2791,135.7406,BIG RIVERS,1,1,1,1,1,1,1,1,1,1
128,Nyirripi,Major,295,-22.6505,130.5532,CENTRAL AUSTRALIA,1,0.5,1,1,1,0,1,1,1,1
26,Orrtipa-Thurra,Minor,38,-22.78458,136.16829,CENTRAL AUSTRALIA,1,0.5,1,0.5,1,0.5,1,1,1,0.5
131,Papunya,Major,514,-23.20306,131.9111,CENTRAL AUSTRALIA,1,1,1,1,1,1,1,1,1,1
410,Peppimenarti,Major,223,-14.1503,130.0763,TOP END,1,1,1,1,1,1,1,1,1,1
744,Pickertaramoor,Minor,0,-11.76361,130.89011,TOP END,0.5,0.5,0.5,0.5,0.5,0.5,1,0.5,0.5,0.5
411,Pirlangimpi,Major,372,-11.4059,130.4172,TOP END,1,1,1,1,1,1,1,1,0,1
138,Pmara Jutunta,Major,169,-22.20878,133.43073,CENTRAL AUSTRALIA,1,0,0,0,0,1,1,0.5,1,0
550,Ramingining,Major,956,-12.32779,134.93001,EAST ARNHEM,1,1,1,1,1,1,1,1,1,1
641,Rittarangu,Minor,139,-14.71011,134.56526,BIG RIVERS,1,0,1,0,1,0,0,0.5,1,1
258,Robinson River,Major,211,-16.75974,136.98057,BIG RIVERS,1,0.5,1,0,1,1,1,0.5,1,1
642,Rockhole,Minor,115,-14.51935,132.18633,BIG RIVERS,0.5,0.5,0.5,0.5,0.5,0.5,1,1,1,0.5
469,Rorruwuy,Minor,40,-12.20292,136.29564,EAST ARNHEM,0.5,0.5,0.5,0.5,0.5,0.5,1,0.5,1,0.5
145,Santa Teresa,Major,708,-24.1307,134.3733,CENTRAL AUSTRALIA,1,0.5,1,1,1,1,1,1,1,1
264,Tara,Minor,60,-21.50658,133.99669,BARKLY,1,0,1,0,1,0,0,1,1,0
148,Titjikala,Major,230,-24.67389,134.07584,CENTRAL AUSTRALIA,1,0.5,1,1,1,1,1,1,1,0
555,Umbakumba,Major,492,-13.85974,136.81113,EAST ARNHEM,1,0,1,1,1,1,1,1,0,0
426,Wadeye,Major,2259,-14.2404,129.5205,TOP END,1,1,1,1,1,1,1,1,1,1
174,Wallace Rockhole,Major,102,-24.1245,133.0863,CENTRAL AUSTRALIA,1,0,1,1,1,1,1,1,1,0
256,Wandangula,Minor,42,-16.05477,136.34558,BIG RIVERS,0.5,0.5,0.5,0.5,0.5,0.5,0.5,0.5,1,0.5
429,Warruwi,Major,507,-11.64896,133.38935,TOP END,1,1,1,1,1,1,1,1,0,1
654,Weemol,Minor,109,-13.64418,134.30863,BIG RIVERS,0,0,0,0,0,0,1,0.5,1,1
186,Willowra,Major,261,-21.24446,132.6139,CENTRAL AUSTRALIA,1,0.5,1,1,1,1,1,1,1,1
187,Wilora,Minor,69,-21.7411,133.7311,CENTRAL AUSTRALIA,0.5,0,1,0,1,0,1,0.5,1,0
434,Woodycupaldiya,Minor,36,-13.85926,130.00115,TOP END,1,0.5,0.5,0.5,0.5,0.5,0.5,0.5,1,0.5
581,Wugularr,Major,636,-14.5548,133.1142,BIG RIVERS,1,0,1,1,1,1,1,1,1,0
868,Wurankuwu,Minor,22,-11.61652,130.27763,TOP END,0.5,0.5,0.5,0.5,0.5,0.5,0.5,0.5,0.5,0.5
400,Wurrumiyanga,Major,1668,-11.75831,130.63747,TOP END,1,1,1,1,1,1,1,1,0,1
227,Wutunugurra,Major,168,-20.46156,135.25241,BARKLY,1,0,1,1,1,1,1,1,1,1
658,Yarralin,Major,332,-16.44841,130.88279,BIG RIVERS,1,1,1,1,1,0,1,0.5,1,1
571,Yathalamarra,Minor,67,-12.27446,134.92196,EAST ARNHEM,0.5,0.5,0.5,0.5,0.5,0.5,0.5,0.5,1,0.5
576,Yirrkala,Major,771,-12.25279,136.89168,EAST ARNHEM,1,0,1,1,1,1,1,1,1,0
197,Yuelamu,Major,175,-22.25835,132.20557,CENTRAL AUSTRALIA,0.5,0,1,1,1,0,1,1,1,1
198,Yuendumu,Major,869,-22.25389,131.79529,CENTRAL AUSTRALIA,1,1,1,1,1,1,1,0,1,1
10153,Adelaide River,Village,0,-13.2378,131.10473,TOP END,1,1,1,0.5,1,0.5,0.5,0.5,1,0.5
280,Alamirra,Family Outstation,6,-11.06745,132.52835,TOP END,0.5,0.5,0.5,0.5,0.5,0.5,0.5,1,0.5,0.5
916,Angatyepe,Family Outstation,11,-23.745,133.7275,CENTRAL AUSTRALIA,0.5,0.5,0.5,0.5,0.5,0.5,0.5,0.5,1,0.5
168,Arlparra,Family Outstation,108,-22.08779,134.77476,BARKLY,0,1,1,0,1,1,1,1,1,1
968,Armorran,Family Outstation,7,-11.75575,133.38142,TOP END,0.5,0.5,0.5,0.5,0.5,0.5,0.5,0.5,1,0.5
919,Arrillhjere,Family Outstation,4,-23.77981,133.62608,CENTRAL AUSTRALIA,0.5,0.5,0.5,0.5,0.5,0.5,0.5,0.5,1,0.5
146,Atnarara,Family Outstation,68,-22.02622,134.78721,BARKLY,0.5,0.5,0.5,0.5,0.5,0.5,1,0.5,1,0.5
865,Bardalumba,Family Outstation,31,-13.82445,136.4489,EAST ARNHEM,0.5,0.5,0.5,0.5,0.5,0.5,0.5,0.5,0.5,0.5
10677,Batchelor,Village,0,-13.04629,131.02883,TOP END,1,1,1,0.5,0,0.5,0.5,0.5,1,0.5
25,Blackwater,Family Outstation,9,-23.26181,131.89688,CENTRAL AUSTRALIA,0.5,0.5,0.5,0.5,0.5,0.5,0.5,0.5,1,0.5
465,Bodia,Family Outstation,56,-12.07688,134.89628,EAST ARNHEM,0.5,0.5,0.5,0.5,0.5,0.5,0.5,0.5,0.5,0.5
11092,Borroloola,Village,886,-16.0676,136.3069,BIG RIVERS,1,1,1,1,1,1,1,1,1,1
24904,Brumby Plains,Family Outstation,28,-17.05303,129.01037,BIG RIVERS,0.5,0.5,0.5,0.5,0.5,0.5,1,0.5,1,0.5
949,Bunhanura,Family Outstation,14,-12.37449,135.72221,EAST ARNHEM,0.5,0.5,0.5,0.5,0.5,0.5,0.5,0.5,1,0.5
12194,Daly Waters,Village,0,-16.25333,133.36932,BIG RIVERS,0.5,0.5,0.5,0.5,0.5,0.5,0.5,0.5,1,0.5
896,Dhambala,Family Outstation,0,-12.0526,135.5609,EAST ARNHEM,0.5,0.5,0.5,0.5,0.5,0.5,0.5,0.5,0.5,0.5
477,Dhipirrinjura,Family Outstation,50,-12.24844,135.09762,EAST ARNHEM,0.5,0.5,0.5,0.5,0.5,0.5,0.5,0.5,1,0.5
664,Dhudupu,Family Outstation,0,-12.0033,135.5692,EAST ARNHEM,0.5,0.5,0.5,0.5,0.5,0.5,0.5,0.5,0.5,0.5
981,Djirrbiyak,Family Outstation,0,-12.72945,132.76363,TOP END,0.5,0.5,0.5,0.5,0.5,0.5,0.5,0.5,1,0.5
46,Dons Bore,Family Outstation,2,-22.26233,131.92027,CENTRAL AUSTRALIA,0.5,0.5,0.5,0.5,0.5,0.5,0.5,0.5,1,0.5
34,Eight Mile,Family Outstation,0,-23.88699,132.68279,CENTRAL AUSTRALIA,0.5,0.5,0.5,0.5,0.5,0.5,0.5,0.5,1,0.5
920,Elitjia,Family Outstation,10,-23.77677,133.61583,CENTRAL AUSTRALIA,0.5,0.5,0.5,0.5,0.5,0.5,0.5,0.5,1,0.5
12641,Elliott,Village,337,-17.5527,133.5408,BARKLY,1,1,1,1,1,1,1,1,1,1
57,Five Mile,Family Outstation,5,-23.91848,132.84834,CENTRAL AUSTRALIA,0.5,0.5,0.5,0.5,0.5,0.5,0.5,0.5,1,0.5
12769,Five Mile,Family Outstation,27,-13.72684,130.71831,TOP END,0.5,0.5,0.5,0.5,0.5,0.5,0.5,0.5,0.5,0.5
807,Galawarra,Family Outstation,0,-12.0444,135.59373,EAST ARNHEM,0.5,0.5,0.5,0.5,0.5,0.5,0.5,0.5,0.5,0.5
489,Galawdjapin,Family Outstation,14,-12.28695,134.81751,EAST ARNHEM,0.5,0.5,0.5,0.5,0.5,0.5,0.5,0.5,1,0.5
963,Garanydjirr,Family Outstation,7,-12.28204,135.02095,EAST ARNHEM,0.5,0.5,0.5,0.5,0.5,0.5,0.5,0.5,1,0.5
804,Gutjangan,Family Outstation,31,-12.0839,136.80857,EAST ARNHEM,0.5,0.5,0.5,0.5,0.5,0.5,0.5,0.5,0.5,0.5
973,Hingstons Place,Family Outstation,0,-19.61773,134.19703,BARKLY,0.5,0.5,0.5,0.5,0.5,0.5,0.5,0.5,1,0.5
800,Hunters Camp,Family Outstation,4,-12.65001,132.8291,TOP END,0.5,0.5,0.5,0.5,0.5,0.5,0.5,0.5,1,0.5
52,Importna,Family Outstation,5,-23.94048,132.74341,CENTRAL AUSTRALIA,0.5,0.5,0.5,0.5,0.5,0.5,0.5,0.5,1,0.5
932,Inbina Atwatye,Family Outstation,5,-23.74118,133.71324,CENTRAL AUSTRALIA,0.5,0.5,0.5,0.5,0.5,0.5,0.5,0.5,1,0.5
82,Inkwelaye,Family Outstation,25,-22.07951,134.83153,BARKLY,0.5,0.5,0.5,0.5,0.5,0.5,1,0.5,1,0.5
771,Ipalala,Family Outstation,3,-23.92556,132.67808,CENTRAL AUSTRALIA,0.5,0.5,0.5,0.5,0.5,0.5,0.5,0.5,1,0.5
921,Irriltyere (A),Family Outstation,6,-23.75129,133.69467,CENTRAL AUSTRALIA,0.5,0.5,0.5,0.5,0.5,0.5,0.5,0.5,1,0.5
922,Irriltyere (B),Family Outstation,9,-23.76105,133.68564,CENTRAL AUSTRALIA,0.5,0.5,0.5,0.5,0.5,0.5,0.5,0.5,1,0.5
935,Itchy Koo Park,Family Outstation,46,-23.76667,133.65816,CENTRAL AUSTRALIA,0.5,0.5,0.5,0.5,0.5,0.5,0.5,0.5,1,0.5
923,Iteyepintye,Family Outstation,45,-23.76466,133.59994,CENTRAL AUSTRALIA,0.5,0.5,0.5,0.5,0.5,0.5,0.5,0.5,1,0.5
924,Itperlyenge,Family Outstation,0,-23.76361,133.61103,CENTRAL AUSTRALIA,0.5,0.5,0.5,0.5,0.5,0.5,0.5,0.5,1,0.5
824,Jemelke,Family Outstation,4,-21.53389,133.87473,BARKLY,0.5,0.5,0.5,0.5,0.5,0.5,1,0.5,1,0.5
67,Kaporilya,Family Outstation,14,-23.93974,132.72029,CENTRAL AUSTRALIA,0.5,0.5,0.5,0.5,0.5,0.5,0.5,0.5,1,0.5
14240,Kulgera,Village,0,-25.84084,133.30048,CENTRAL AUSTRALIA,0.5,1,0.5,0.5,1,0.5,0.5,0.5,1,0.5
391,Kungarrewarl,Family Outstation,2,-12.34346,133.05617,TOP END,0.5,0.5,0.5,0.5,0.5,0.5,0.5,0.5,1,0.5
718,Kuy,Family Outstation,34,-14.03546,129.59784,TOP END,0.5,0.5,0.5,0.5,0.5,0.5,0.5,0.5,1,0.5
925,Kwale Kwale,Family Outstation,16,-23.76972,133.57451,CENTRAL AUSTRALIA,0.5,0.5,0.5,0.5,0.5,0.5,0.5,0.5,1,0.5
14359,Larrimah,Village,0,-15.5757,133.2163,BIG RIVERS,0.5,0.5,0.5,0.5,1,0.5,0.5,0.5,1,0.5
856,Lizard Bore,Family Outstation,0,-23.30034,131.13465,CENTRAL AUSTRALIA,0.5,0.5,0.5,0.5,0.5,0.5,0.5,0.5,1,0.5
614,Lul-Tju,Family Outstation,0,-18.37671,130.59313,BIG RIVERS,0.5,0.5,0.5,0.5,0.5,0.5,0.5,0.5,1,0.5
94,Lyilyalanama,Family Outstation,4,-23.94724,132.74474,CENTRAL AUSTRALIA,0.5,0.5,0.5,0.5,0.5,0.5,0.5,0.5,1,0.5
522,Malkala,Family Outstation,94,-13.8914,136.44224,EAST ARNHEM,0.5,0.5,0.5,0.5,0.5,0.5,0.5,0.5,0.5,0.5
897,Mandedjkadjang,Family Outstation,0,-12.26454,134.03056,TOP END,0.5,0.5,0.5,0.5,0.5,0.5,0.5,0.5,1,0.5
23547,Mataranka,Village,384,-14.92435,133.06795,BIG RIVERS,1,1,1,0.5,1,0.5,0.5,0.5,1,0.5
872,Merral Ntarrakala,Family Outstation,4,-23.91418,132.82865,CENTRAL AUSTRALIA,0.5,0.5,0.5,0.5,0.5,0.5,0.5,0.5,1,0.5
106,Motna's,Family Outstation,2,-23.94974,132.76946,CENTRAL AUSTRALIA,0.5,0.5,0.5,0.5,0.5,0.5,0.5,0.5,1,0.5
875,Mount Twellar,Family Outstation,17,-23.54198,133.62279,CENTRAL AUSTRALIA,0.5,0.5,0.5,0.5,0.5,0.5,0.5,0.5,1,0.5
380,Mudginberri,Family Outstation,40,-12.59772,132.87334,TOP END,0.5,0.5,0.5,0.5,0.5,0.5,0.5,0.5,1,0.5
801,Mumukala,Family Outstation,18,-12.61137,132.66648,TOP END,0.5,0.5,0.5,0.5,0.5,0.5,0.5,0.5,1,0.5
648,Muruning,Family Outstation,28,-15.67527,130.48457,BIG RIVERS,0.5,0.5,0.5,0.5,0.5,0.5,0.5,0.5,1,0.5
678,Myatt,Family Outstation,25,-15.70656,130.48335,BIG RIVERS,0.5,0.5,0.5,0.5,0.5,0.5,0.5,0.5,1,0.5
886,Nadilmuk,Family Outstation,0,-11.99384,134.29454,TOP END,0.5,0.5,0.5,0.5,0.5,0.5,0.5,0.5,1,0.5
21684,Newcastle Waters,Village,0,-17.3718,133.4103,BARKLY,0.5,0.5,0.5,0.5,0.5,0.5,0.5,0.5,0.5,0.5
545,Ngadumiyerrka,Family Outstation,34,-13.82001,136.4564,EAST ARNHEM,0.5,0.5,0.5,0.5,0.5,0.5,0.5,0.5,0.5,0.5
544,Ngayawilli,Family Outstation,9,-11.9943,135.5745,EAST ARNHEM,0.5,0.5,0.5,0.5,0.5,0.5,0.5,0.5,0.5,0.5
770,Ntakarra,Family Outstation,4,-23.89501,132.68001,CENTRAL AUSTRALIA,0.5,0.5,0.5,0.5,0.5,0.5,0.5,0.5,1,0.5
281,Paradise Farm,Family Outstation,12,-12.9391,132.53271,TOP END,0.5,0.5,0.5,0.5,0.5,0.5,0.5,0.5,1,0.5
407,Paru,Family Outstation,3,-11.74982,130.64642,TOP END,0.5,0.5,0.5,0.5,0.5,0.5,0.5,0.5,0.5,0.5
926,Payeperrentye (B),Family Outstation,2,-23.77074,133.55621,CENTRAL AUSTRALIA,0.5,0.5,0.5,0.5,0.5,0.5,0.5,0.5,1,0.5
927,Perte Therre,Family Outstation,14,-23.75818,133.64573,CENTRAL AUSTRALIA,0.5,0.5,0.5,0.5,0.5,0.5,0.5,0.5,1,0.5
133,Phillipson Bore,Family Outstation,6,-24.09593,134.43038,CENTRAL AUSTRALIA,0.5,0.5,0.5,0.5,0.5,0.5,0.5,0.5,1,0.5
17626,Pine Creek,Village,373,-13.8227,131.8344,BIG RIVERS,1,1,1,1,1,1,1,0,1,0
861,Rutjingka,Family Outstation,4,-23.91581,132.81527,CENTRAL AUSTRALIA,0.5,0.5,0.5,0.5,0.5,0.5,0.5,0.5,1,0.5
892,Sandy Bay,Family Outstation,2,-11.20719,132.58027,TOP END,0.5,0.5,0.5,0.5,0.5,0.5,0.5,0.5,0.5,0.5
18964,Ti Tree,Village,103,-22.1279,133.4171,CENTRAL AUSTRALIA,1,1,0.5,0.5,0.5,0.5,0.5,1,1,0.5
18974,Timber Creek,Village,326,-15.6625,130.4804,BIG RIVERS,1,1,1,1,1,1,1,0.5,1,1
149,Tjamangkurra,Family Outstation,6,-23.9689,132.80529,CENTRAL AUSTRALIA,0.5,0.5,0.5,0.5,0.5,0.5,0.5,0.5,1,0.5
762,Tjintirtjintirpa,Family Outstation,0,-23.28522,131.27059,CENTRAL AUSTRALIA,0.5,0.5,0.5,0.5,0.5,0.5,0.5,0.5,1,0.5
928,Tnerte,Family Outstation,18,-23.74715,133.72011,CENTRAL AUSTRALIA,0.5,0.5,0.5,0.5,0.5,0.5,0.5,0.5,1,0.5
155,Tnyimipurta,Family Outstation,11,-23.88779,132.67113,CENTRAL AUSTRALIA,0.5,0.5,0.5,0.5,0.5,0.5,0.5,0.5,1,0.5
929,Twetye (A),Family Outstation,6,-23.74034,133.70539,CENTRAL AUSTRALIA,0.5,0.5,0.5,0.5,0.5,0.5,0.5,0.5,1,0.5
930,Twetye (B),Family Outstation,15,-23.74292,133.69633,CENTRAL AUSTRALIA,0.5,0.5,0.5,0.5,0.5,0.5,0.5,0.5,1,0.5
931,Tywenpe (A),Family Outstation,20,-23.72634,133.72928,CENTRAL AUSTRALIA,0.5,0.5,0.5,0.5,0.5,0.5,0.5,0.5,1,0.5
933,Tywenpe (C),Family Outstation,25,-23.74426,133.68787,CENTRAL AUSTRALIA,0.5,0.5,0.5,0.5,0.5,0.5,0.5,0.5,1,0.5
934,Tywenpe (D),Family Outstation,6,-23.7648,133.67226,CENTRAL AUSTRALIA,0.5,0.5,0.5,0.5,0.5,0.5,0.5,0.5,1,0.5
760,Ulambara,Family Outstation,6,-23.27715,131.92748,CENTRAL AUSTRALIA,0.5,0.5,0.5,0.5,0.5,0.5,0.5,0.5,1,0.5
162,Ulpanyali,Family Outstation,13,-24.23091,131.50075,CENTRAL AUSTRALIA,0.5,0.5,0.5,0.5,0.5,0.5,0.5,0.5,1,0.5
772,Ulpunda,Family Outstation,10,-23.9546,132.766,CENTRAL AUSTRALIA,0.5,0.5,0.5,0.5,0.5,0.5,0.5,0.5,1,0.5
711,Undoolya Bore,Family Outstation,25,-23.74762,134.11762,CENTRAL AUSTRALIA,0.5,0.5,0.5,0.5,0.5,0.5,0.5,0.5,1,0.5
908,Wakurlpu,Family Outstation,8,-20.63229,134.21688,BARKLY,0.5,0.5,0.5,0.5,0.5,0.5,1,0.5,1,0.5
178,Wanmarra,Family Outstation,12,-24.38841,131.80347,CENTRAL AUSTRALIA,0.5,0.5,0.5,0.5,0.5,0.5,1,0.5,1,0.5
180,Warumpi,Family Outstation,16,-23.1851,131.97514,CENTRAL AUSTRALIA,0.5,0.5,0.5,0.5,0.5,0.5,0.5,0.5,1,0.5
877,Wataru,Family Outstation,10,-24.85858,129.05936,CENTRAL AUSTRALIA,0.5,0.5,0.5,0.5,0.5,0.5,0.5,0.5,1,0.5
952,Wiitin,Family Outstation,0,-19.54493,134.23657,BARKLY,0.5,0.5,0.5,0.5,0.5,0.5,0.5,0.5,1,0.5
432,Wilgi,Family Outstation,9,-11.49601,132.74947,TOP END,0.5,0.5,0.5,0.5,0.5,0.5,0.5,0.5,1,0.5
275,Wollogorang,Family Outstation,2,-17.21828,137.98884,BIG RIVERS,0.5,0.5,0.5,0.5,0.5,0.5,0.5,0.5,1,0.5
707,Wunara,Family Outstation,0,-19.9898,136.6181,BARKLY,0.5,0.5,0.5,0.5,0.5,0.5,1,0.5,1,0.5
817,Wurlbu,Family Outstation,5,-16.07464,136.28415,BIG RIVERS,0.5,0.5,0.5,0.5,0.5,0.5,0.5,0.5,1,0.5
569,Yanungbi,Family Outstation,15,-12.27975,136.65787,EAST ARNHEM,0.5,0.5,0.5,0.5,0.5,0.5,0.5,0.5,1,0.5
939,Yartalu Yartalu,Family Outstation,0,-20.57253,130.35528,CENTRAL AUSTRALIA,0.5,0.5,0.5,0.5,0.5,0.5,0.5,0.5,1,0.5
